{"issue_number": 491, "created_at": "2019-04-21", "closed_at": null, "labels": ["Category:Bug", "DetectionPhase:Field", "OriginationPhase:Field", "Priority:Major", "Status:pendingReview"], "State": "open", "Author": "DSP19SCM782"}
{"issue_number": 490, "created_at": "2019-04-21", "closed_at": null, "labels": ["Category:Bug", "DetectionPhase:Design", "OriginationPhase:Testing", "Priority:High", "Status:pendingReview"], "State": "open", "Author": "DSP19SCM782"}
{"issue_number": 489, "created_at": "2019-04-21", "closed_at": null, "labels": ["Category:Enhancement", "DetectionPhase:Coding", "OriginationPhase:Requirements", "Priority:Low", "Status:Completed"], "State": "open", "Author": "DSP19SCM781"}
{"issue_number": 488, "created_at": "2019-04-21", "closed_at": null, "labels": ["Category:Bug", "DetectionPhase:Testing", "OriginationPhase:Field", "Priority:Low", "Status:Rejected"], "State": "open", "Author": "DSP19SCM781"}
{"issue_number": 487, "created_at": "2019-04-21", "closed_at": null, "labels": ["Category:Inquiry", "DetectionPhase:Design", "OriginationPhase:Documentation", "Priority:Major", "Status:pendingReview"], "State": "open", "Author": "DSP19SCM781"}
{"issue_number": 486, "created_at": "2019-04-20", "closed_at": null, "labels": ["Category:Enhancement", "DetectionPhase:Design", "OriginationPhase:Testing", "Priority:Medium", "Status:pendingReview"], "State": "open", "Author": "SSP19SCM781"}
{"issue_number": 485, "created_at": "2019-04-20", "closed_at": null, "labels": ["Category:Enhancement", "DetectionPhase:Field", "OriginationPhase:Testing", "Priority:Critical", "Status:Approved"], "State": "open", "Author": "SSP19SCM781"}
{"issue_number": 484, "created_at": "2019-04-20", "closed_at": null, "labels": ["Category:Inquiry", "DetectionPhase:Field", "OriginationPhase:Design", "Priority:High", "Status:inProgress"], "State": "open", "Author": "SSP19SCM781"}
{"issue_number": 483, "created_at": "2019-04-20", "closed_at": null, "labels": ["Category:Inquiry", "DetectionPhase:Field", "OriginationPhase:Field", "Priority:High", "Status:Approved"], "State": "open", "Author": "SSP19SCM782"}
{"issue_number": 482, "created_at": "2019-04-20", "closed_at": null, "labels": ["Category:Bug", "DetectionPhase:Field", "OriginationPhase:Field", "Priority:Major", "Status:inProgress"], "State": "open", "Author": "SSP19SCM782"}
{"issue_number": 480, "created_at": "2019-04-20", "closed_at": "2019-04-20", "labels": ["Category:Enhancement", "DetectionPhase:Testing", "OriginationPhase:Requirements", "Priority:Critical", "Status:Completed"], "State": "closed", "Author": "JSP19SCM03G"}
{"issue_number": 479, "created_at": "2019-04-20", "closed_at": null, "labels": ["Address:McDonalds 2525 S King Dr Chicago 60616", "Category:Bug", "DetectionPhase:Design", "OriginationPhase:Design", "Priority:Medium", "Status:Approved"], "State": "open", "Author": "ZSP19SCM65P"}
{"issue_number": 477, "created_at": "2019-04-18", "closed_at": "2019-04-19", "labels": ["Category:Inquiry", "DetectionPhase:Field", "OriginationPhase:Testing", "Priority:High", "Status:inProgress"], "State": "closed", "Author": "YSP19SCM26X"}
{"issue_number": 476, "created_at": "2019-04-18", "closed_at": null, "labels": ["Category:Bug", "DetectionPhase:Field", "OriginationPhase:Documentation", "Priority:High", "Status:inProgress"], "State": "open", "Author": "RSP19SCM781"}
{"issue_number": 475, "created_at": "2019-04-18", "closed_at": null, "labels": ["Category:Inquiry", "DetectionPhase:Design", "OriginationPhase:Testing", "Priority:Major", "Status:inProgress"], "State": "open", "Author": "RSP19SCM781"}
{"issue_number": 474, "created_at": "2019-04-18", "closed_at": null, "labels": ["Category:Enhancement", "DetectionPhase:Design", "OriginationPhase:Testing", "Priority:Medium", "Status:Rejected"], "State": "open", "Author": "TSP19SCM782"}
{"issue_number": 473, "created_at": "2019-04-18", "closed_at": null, "labels": ["Category:Bug", "DetectionPhase:Design", "OriginationPhase:Testing", "Priority:Major", "Status:inProgress"], "State": "open", "Author": "TSP19SCM782"}
{"issue_number": 472, "created_at": "2019-04-18", "closed_at": null, "labels": ["Category:Enhancement", "DetectionPhase:Testing", "OriginationPhase:Design", "Priority:Low", "Status:pendingReview"], "State": "open", "Author": "TSP19SCM782"}
{"issue_number": 471, "created_at": "2019-04-18", "closed_at": null, "labels": ["Category:Inquiry", "DetectionPhase:Design", "OriginationPhase:Requirements", "Priority:Major", "Status:Completed"], "State": "open", "Author": "DSP19SCM782"}
{"issue_number": 470, "created_at": "2019-04-18", "closed_at": null, "labels": ["Category:Bug", "DetectionPhase:Testing", "OriginationPhase:Coding", "Priority:Major", "Status:Completed"], "State": "open", "Author": "DSP19SCM782"}
{"issue_number": 469, "created_at": "2019-04-18", "closed_at": null, "labels": ["Category:Enhancement", "DetectionPhase:Field", "OriginationPhase:Field", "Priority:High", "Status:inProgress"], "State": "open", "Author": "TSP19SCM781"}
{"issue_number": 468, "created_at": "2019-04-18", "closed_at": null, "labels": ["Category:Bug", "DetectionPhase:Field", "OriginationPhase:Requirements", "Priority:High", "Status:pendingReview"], "State": "open", "Author": "TSP19SCM781"}
{"issue_number": 467, "created_at": "2019-04-18", "closed_at": null, "labels": ["Category:Inquiry", "DetectionPhase:Field", "OritinationPhase:Design", "Priority:Critical", "Status:Rejected"], "State": "open", "Author": "TSP19SCM781"}
{"issue_number": 465, "created_at": "2019-04-18", "closed_at": "2019-04-18", "labels": ["Address:2525 S Martin Luther King Dr Chicago 60616", "Category:Bug", "DetectionPhase:Design", "Latitude:41.847200", "Longitude:-87.617188", "OriginationPhase:Requirements", "Priority:Critical", "Status:Approved"], "State": "closed", "Author": "YSP19SCM26X"}
{"issue_number": 464, "created_at": "2019-04-17", "closed_at": null, "labels": ["Category:Bug", "DetectionPhase:Coding", "OriginationPhase:Testing", "Priority:Major", "Status:Completed"], "State": "open", "Author": "SSP19SCM782"}
{"issue_number": 463, "created_at": "2019-04-17", "closed_at": null, "labels": ["Category:Inquiry", "DetectionPhase:Testing", "OritinationPhase:Design", "Priority:Low", "Status:pendingReview"], "State": "open", "Author": "SSP19SCM782"}
{"issue_number": 462, "created_at": "2019-04-17", "closed_at": null, "labels": ["Category:Enhancement", "DetectionPhase:Design", "OritinationPhase:Design", "Priority:Major", "Status:Approved"], "State": "open", "Author": "SSP19SCM781"}
{"issue_number": 461, "created_at": "2019-04-17", "closed_at": null, "labels": ["Category:Inquiry", "DetectionPhase:Field", "OriginationPhase:Documentation", "Priority:Medium", "Status:Rejected"], "State": "open", "Author": "SSP19SCM781"}
{"issue_number": 460, "created_at": "2019-04-17", "closed_at": "2019-04-21", "labels": ["Category:Enhancement", "DetectionPhase:Design", "OriginationPhase:Requirements", "Priority:Low", "Status:pendingReview"], "State": "closed", "Author": "SSP19SCM781"}
{"issue_number": 459, "created_at": "2019-04-17", "closed_at": "2019-04-21", "labels": ["Category:Enhancement", "DetectionPhase:Field", "OriginationPhase:Field", "Priority:High", "Status:inProgress"], "State": "closed", "Author": "DSP19SCM782"}
{"issue_number": 458, "created_at": "2019-04-17", "closed_at": null, "labels": ["Category:Bug", "DetectionPhase:Field", "OriginationPhase:Documentation", "Priority:High", "Status:Approved"], "State": "open", "Author": "DSP19SCM782"}
{"issue_number": 457, "created_at": "2019-04-17", "closed_at": "2019-04-21", "labels": ["Category:Inquiry", "DetectionPhase:Field", "OritinationPhase:Design", "Priority:Critical", "Status:inProgress"], "State": "closed", "Author": "DSP19SCM782"}
{"issue_number": 456, "created_at": "2019-04-17", "closed_at": "2019-04-21", "labels": ["Category:Inquiry", "DetectionPhase:Field", "OriginationPhase:Testing", "Priority:Critical", "Status:Completed"], "State": "closed", "Author": "DSP19SCM781"}
{"issue_number": 455, "created_at": "2019-04-17", "closed_at": null, "labels": ["Category:Inquiry", "DetectionPhase:Field", "OriginationPhase:Coding", "Priority:Critical", "Status:Approved"], "State": "open", "Author": "DSP19SCM781"}
{"issue_number": 454, "created_at": "2019-04-16", "closed_at": null, "labels": ["Category:Enhancement", "DetectionPhase:Design", "OriginationPhase:Requirements", "Priority:Medium", "Status:Rejected"], "State": "open", "Author": "SSP19SCM782"}
{"issue_number": 453, "created_at": "2019-04-16", "closed_at": "2019-04-21", "labels": ["Category:Bug", "DetectionPhase:Testing", "OriginationPhase:Requirements", "Priority:Major", "Status:Rejected"], "State": "closed", "Author": "SSP19SCM782"}
{"issue_number": 452, "created_at": "2019-04-16", "closed_at": null, "labels": ["Category:Enhancement", "DetectionPhase:Design", "OritinationPhase:Design", "Priority:Major", "Status:Completed"], "State": "open", "Author": "SSP19SCM781"}
{"issue_number": 451, "created_at": "2019-04-16", "closed_at": "2019-04-21", "labels": ["Category:Bug", "DetectionPhase:Testing", "OriginationPhase:Testing", "Priority:Low", "Status:Rejected"], "State": "closed", "Author": "SSP19SCM781"}
{"issue_number": 450, "created_at": "2019-04-16", "closed_at": null, "labels": ["Category:Enhancement", "DetectionPhase:Design", "OriginationPhase:Requirements", "Priority:Major", "Status:pendingReview"], "State": "open", "Author": "SSP19SCM781"}
{"issue_number": 449, "created_at": "2019-04-16", "closed_at": "2019-04-21", "labels": ["Category:Enhancement", "DetectionPhase:Field", "OriginationPhase:Documentation", "Priority:High", "Status:inProgress"], "State": "closed", "Author": "DSP19SCM782"}
{"issue_number": 448, "created_at": "2019-04-16", "closed_at": "2019-04-21", "labels": ["Category:Inquiry", "DetectionPhase:Field", "OriginationPhase:Testing", "Priority:High", "Status:Approved"], "State": "closed", "Author": "DSP19SCM782"}
{"issue_number": 447, "created_at": "2019-04-16", "closed_at": "2019-04-21", "labels": ["Category:Bug", "DetectionPhase:Field", "OriginationPhase:Field", "Priority:Critical", "Status:inProgress"], "State": "closed", "Author": "DSP19SCM782"}
{"issue_number": 446, "created_at": "2019-04-16", "closed_at": "2019-04-21", "labels": ["Category:Enhancement", "DetectionPhase:Field", "OriginationPhase:Documentation", "Priority:Critical", "Status:Approved"], "State": "closed", "Author": "DSP19SCM781"}
{"issue_number": 445, "created_at": "2019-04-16", "closed_at": "2019-04-18", "labels": ["Category:Inquiry", "DetectionPhase:Field", "OritinationPhase:Design", "Priority:Critical", "Status:Completed"], "State": "closed", "Author": "DSP19SCM781"}
{"issue_number": 444, "created_at": "2019-04-15", "closed_at": "2019-04-18", "labels": ["Category:Enhancement", "DetectionPhase:Design", "OriginationPhase:Testing", "Priority:Major", "Status:inProgress"], "State": "closed", "Author": "TSP19SCM781"}
{"issue_number": 443, "created_at": "2019-04-15", "closed_at": "2019-04-18", "labels": ["Category:Enhancement", "DetectionPhase:Testing", "OriginationPhase:Testing", "Priority:Medium", "Status:pendingReview"], "State": "closed", "Author": "TSP19SCM781"}
{"issue_number": 442, "created_at": "2019-04-15", "closed_at": "2019-04-18", "labels": ["Category:Bug", "DetectionPhase:Design", "OriginationPhase:Requirements", "Priority:Major", "Status:Rejected"], "State": "closed", "Author": "TSP19SCM782"}
{"issue_number": 441, "created_at": "2019-04-15", "closed_at": "2019-04-18", "labels": ["Category:Inquiry", "DetectionPhase:Coding", "OritinationPhase:Design", "Priority:Low", "Status:pendingReview"], "State": "closed", "Author": "TSP19SCM782"}
{"issue_number": 440, "created_at": "2019-04-15", "closed_at": "2019-04-18", "labels": ["Category:Enhancement", "DetectionPhase:Field", "OriginationPhase:Requirements", "Priority:Critical", "Status:pendingReview"], "State": "closed", "Author": "TSP19SCM782"}
{"issue_number": 439, "created_at": "2019-04-15", "closed_at": "2019-04-18", "labels": ["Category:Inquiry", "DetectionPhase:Field", "OriginationPhase:Field", "Priority:High", "Status:inProgress"], "State": "closed", "Author": "RSP19SCM782"}
{"issue_number": 438, "created_at": "2019-04-15", "closed_at": "2019-04-18", "labels": ["Category:Inquiry", "DetectionPhase:Field", "OriginationPhase:Requirements", "Priority:High", "Status:Approved"], "State": "closed", "Author": "RSP19SCM782"}
{"issue_number": 437, "created_at": "2019-04-15", "closed_at": "2019-04-18", "labels": ["Category:Inquiry", "DetectionPhase:Field", "OritinationPhase:Design", "Priority:Critical", "Status:inProgress"], "State": "closed", "Author": "RSP19SCM782"}
{"issue_number": 436, "created_at": "2019-04-15", "closed_at": "2019-04-18", "labels": ["Category:Bug", "DetectionPhase:Field", "OriginationPhase:Requirements", "Priority:Critical", "Status:Approved"], "State": "closed", "Author": "RSP19SCM781"}
{"issue_number": 435, "created_at": "2019-04-15", "closed_at": "2019-04-17", "labels": ["Category:Inquiry", "DetectionPhase:Field", "OriginationPhase:Design", "Priority:Critical", "Status:Completed"], "State": "closed", "Author": "RSP19SCM781"}
{"issue_number": 434, "created_at": "2019-04-14", "closed_at": "2019-04-17", "labels": ["Category:Inquiry", "DetectionPhase:Field", "OritinationPhase:Design", "Priority:Medium", "Status:Approved"], "State": "closed", "Author": "SSP19SCM782"}
{"issue_number": 433, "created_at": "2019-04-14", "closed_at": "2019-04-17", "labels": ["Category:Enhancement", "DetectionPhase:Testing", "OriginationPhase:Testing", "Priority:Major", "Status:Rejected"], "State": "closed", "Author": "SSP19SCM782"}
{"issue_number": 432, "created_at": "2019-04-14", "closed_at": "2019-04-17", "labels": ["Category:Inquiry", "DetectionPhase:Coding", "OriginationPhase:Design", "Priority:Major", "Status:pendingReview"], "State": "closed", "Author": "SSP19SCM782"}
{"issue_number": 431, "created_at": "2019-04-14", "closed_at": "2019-04-17", "labels": ["Category:Enhancement", "DetectionPhase:Field", "OriginationPhase:Requirements", "Priority:High", "Status:Rejected"], "State": "closed", "Author": "SSP19SCM782"}
{"issue_number": 430, "created_at": "2019-04-14", "closed_at": "2019-04-17", "labels": ["Category:Inquiry", "DetectionPhase:Design", "OriginationPhase:Requirements", "Priority:Major", "Status:Completed"], "State": "closed", "Author": "SSP19SCM782"}
{"issue_number": 429, "created_at": "2019-04-14", "closed_at": "2019-04-15", "labels": ["Category:Inquiry", "DetectionPhase:Field", "OriginationPhase:Testing", "Priority:High", "Status:inProgress"], "State": "closed", "Author": "TSP19SCM781"}
{"issue_number": 428, "created_at": "2019-04-14", "closed_at": "2019-04-17", "labels": ["Category:Enhancement", "DetectionPhase:Field", "OriginationPhase:Documentation", "Priority:High", "Status:Approved"], "State": "closed", "Author": "TSP19SCM781"}
{"issue_number": 427, "created_at": "2019-04-14", "closed_at": "2019-04-15", "labels": ["Category:Bug", "DetectionPhase:Field", "OriginationPhase:Field", "Priority:Critical", "Status:inProgress"], "State": "closed", "Author": "TSP19SCM781"}
{"issue_number": 426, "created_at": "2019-04-14", "closed_at": "2019-04-17", "labels": ["Category:Inquiry", "DetectionPhase:Field", "OriginationPhase:Documentation", "Priority:Critical", "Status:Completed"], "State": "closed", "Author": "TSP19SCM781"}
{"issue_number": 425, "created_at": "2019-04-14", "closed_at": "2019-04-15", "labels": ["Category:Enhancement", "DetectionPhase:Field", "OritinationPhase:Design", "Priority:Critical", "Status:Approved"], "State": "closed", "Author": "TSP19SCM781"}
{"issue_number": 423, "created_at": "2019-04-13", "closed_at": "2019-04-20", "labels": ["Category:Bug", "DetectionPhase:Testing", "OriginationPhase:Requirements", "Priority:Major", "Status:Approved"], "State": "closed", "Author": "SSP19SCM81Y"}
{"issue_number": 422, "created_at": "2019-04-13", "closed_at": "2019-04-15", "labels": ["Category:Bug", "DetectionPhase:Field", "OriginationPhase:Documentation", "Priority:High", "Status:pendingReview"], "State": "closed", "Author": "SSP19SCM782"}
{"issue_number": 421, "created_at": "2019-04-13", "closed_at": "2019-04-17", "labels": ["Category:Inquiry", "DetectionPhase:Field", "OriginationPhase:Field", "Priority:Critical", "Status:Completed"], "State": "closed", "Author": "SSP19SCM782"}
{"issue_number": 420, "created_at": "2019-04-13", "closed_at": "2019-04-15", "labels": ["Category:Enhancement", "DetectionPhase:Field", "OritinationPhase:Design", "Priority:Critical", "Status:inProgress"], "State": "closed", "Author": "SSP19SCM782"}
{"issue_number": 419, "created_at": "2019-04-13", "closed_at": "2019-04-17", "labels": ["Category:Bug", "DetectionPhase:Field", "OriginationPhase:Requirements", "Priority:Critical", "Status:Approved"], "State": "closed", "Author": "SSP19SCM782"}
{"issue_number": 418, "created_at": "2019-04-13", "closed_at": "2019-04-16", "labels": ["Category:Enhancement", "DetectionPhase:Field", "OriginationPhase:Requirements", "Priority:High", "Status:Completed"], "State": "closed", "Author": "SSP19SCM781"}
{"issue_number": 417, "created_at": "2019-04-13", "closed_at": "2019-04-16", "labels": ["Category:Bug", "DetectionPhase:Field", "OriginationPhase:Requirements", "Priority:Critical", "Status:inProgress"], "State": "closed", "Author": "SSP19SCM781"}
{"issue_number": 416, "created_at": "2019-04-13", "closed_at": "2019-04-16", "labels": ["Category:Inquiry", "DetectionPhase:Field", "OriginationPhase:Requirements", "Priority:High", "Status:inProgress"], "State": "closed", "Author": "SSP19SCM781"}
{"issue_number": 415, "created_at": "2019-04-13", "closed_at": "2019-04-16", "labels": ["Category:Enhancement", "DetectionPhase:Field", "OritinationPhase:Design", "Priority:Critical", "Status:Approved"], "State": "closed", "Author": "SSP19SCM781"}
{"issue_number": 414, "created_at": "2019-04-13", "closed_at": "2019-04-16", "labels": ["Category:Inquiry", "DetectionPhase:Field", "OriginationPhase:Testing", "Priority:High", "Status:Completed"], "State": "closed", "Author": "SSP19SCM781"}
{"issue_number": 413, "created_at": "2019-04-13", "closed_at": "2019-04-16", "labels": ["Category:Enhancement", "DetectionPhase:Field", "OriginationPhase:Requirements", "Priority:Critical", "Status:inProgress"], "State": "closed", "Author": "SSP19SCM781"}
{"issue_number": 412, "created_at": "2019-04-13", "closed_at": "2019-04-14", "labels": ["Category:Inquiry", "DetectionPhase:Field", "OriginationPhase:Coding", "Priority:High", "Status:inProgress"], "State": "closed", "Author": "PSP19SCM80S"}
{"issue_number": 410, "created_at": "2019-04-11", "closed_at": "2019-04-11", "labels": ["Category:Bug", "DetectionPhase:Testing", "OriginationPhase:Requirements", "Priority:Critical", "Status:Approved"], "State": "closed", "Author": "JSP19SCM33G"}
{"issue_number": 409, "created_at": "2019-04-11", "closed_at": "2019-04-14", "labels": ["Category:Bug", "DetectionPhase:Design", "OriginationPhase:Field", "Priority:Major", "Status:inProgress"], "State": "closed", "Author": "DSP19SCM781"}
{"issue_number": 408, "created_at": "2019-04-11", "closed_at": "2019-04-14", "labels": ["Category:Inquiry", "DetectionPhase:Testing", "OriginationPhase:Requirements", "Priority:Medium", "Status:Rejected"], "State": "closed", "Author": "DSP19SCM781"}
{"issue_number": 407, "created_at": "2019-04-11", "closed_at": "2019-04-14", "labels": ["Category:Enhancement", "DetectionPhase:Design", "OriginationPhase:Field", "Priority:Medium", "Status:Approved"], "State": "closed", "Author": "RSP19SCM782"}
{"issue_number": 406, "created_at": "2019-04-11", "closed_at": "2019-04-16", "labels": ["Category:Enhancement", "DetectionPhase:Coding", "OriginationPhase:Coding", "Priority:High", "Status:Completed"], "State": "closed", "Author": "RSP19SCM782"}
{"issue_number": 405, "created_at": "2019-04-11", "closed_at": "2019-04-16", "labels": ["Category:Inquiry", "DetectionPhase:Field", "OritinationPhase:Design", "Priority:Major", "Status:Rejected"], "State": "closed", "Author": "RSP19SCM781"}
{"issue_number": 404, "created_at": "2019-04-11", "closed_at": "2019-04-16", "labels": ["Category:Bug", "DetectionPhase:Design", "OriginationPhase:Documentation", "Priority:High", "Status:pendingReview"], "State": "closed", "Author": "RSP19SCM781"}
{"issue_number": 403, "created_at": "2019-04-11", "closed_at": "2019-04-16", "labels": ["Category:Enhancement", "DetectionPhase:Testing", "OritinationPhase:Design", "Priority:High", "Status:pendingReview"], "State": "closed", "Author": "TSP19SCM782"}
{"issue_number": 402, "created_at": "2019-04-11", "closed_at": "2019-04-15", "labels": ["Category:Inquiry", "DetectionPhase:Design", "OriginationPhase:Field", "Priority:Low", "Status:Rejected"], "State": "closed", "Author": "TSP19SCM782"}
{"issue_number": 401, "created_at": "2019-04-11", "closed_at": "2019-04-15", "labels": ["Category:Bug", "DetectionPhase:Testing", "OriginationPhase:Requirements", "Priority:Major", "Status:inProgress"], "State": "closed", "Author": "TSP19SCM781"}
{"issue_number": 400, "created_at": "2019-04-11", "closed_at": "2019-04-15", "labels": ["Category:Enhancement", "DetectionPhase:Field", "OriginationPhase:Documentation", "Priority:Critical", "Status:Completed"], "State": "closed", "Author": "TSP19SCM781"}
{"issue_number": 397, "created_at": "2019-04-10", "closed_at": "2019-04-11", "labels": ["Category:Bug", "Detection:Testing", "Origination:Requirements", "Priority:Critical", "Status:Approved"], "State": "closed", "Author": "HSP19SCM81A"}
{"issue_number": 396, "created_at": "2019-04-10", "closed_at": "2019-04-15", "labels": ["Category:Enhancement", "DetectionPhase:Field", "OriginationPhase:Documentation", "Priority:Major", "Status:Completed"], "State": "closed", "Author": "SSP19SCM781"}
{"issue_number": 395, "created_at": "2019-04-10", "closed_at": "2019-04-14", "labels": ["Category:Enhancement", "DetectionPhase:Field", "OriginationPhase:Testing", "Priority:Critical", "Status:Completed"], "State": "closed", "Author": "SSP19SCM781"}
{"issue_number": 394, "created_at": "2019-04-10", "closed_at": "2019-04-11", "labels": ["Category:Bug", "DetectionPhase:Design", "OritinationPhase:Design", "Priority:Critical", "Status:Approved"], "State": "closed", "Author": "SSP19SCM781"}
{"issue_number": 393, "created_at": "2019-04-10", "closed_at": "2019-04-11", "labels": ["Category:Inquiry", "DetectionPhase:Coding", "OriginationPhase:Design", "Priority:Major", "Status:Rejected"], "State": "closed", "Author": "SSP19SCM781"}
{"issue_number": 392, "created_at": "2019-04-10", "closed_at": "2019-04-11", "labels": ["Category:Enhancement", "DetectionPhase:Field", "OriginationPhase:Testing", "Priority:Medium", "Status:pendingReview"], "State": "closed", "Author": "SSP19SCM781"}
{"issue_number": 391, "created_at": "2019-04-10", "closed_at": "2019-04-11", "labels": ["Category:Enhancement", "DetectionPhase:Field", "OriginationPhase:Documentation", "Priority:High", "Status:pendingReview"], "State": "closed", "Author": "SSP19SCM781"}
{"issue_number": 390, "created_at": "2019-04-10", "closed_at": "2019-04-14", "labels": ["Category:Inquiry", "DetectionPhase:Design", "OritinationPhase:Design", "Priority:Low", "Status:Completed"], "State": "closed", "Author": "SSP19SCM781"}
{"issue_number": 389, "created_at": "2019-04-10", "closed_at": "2019-04-14", "labels": ["Category:Bug", "DetectionPhase:Testing", "OriginationPhase:Requirements", "Priority:Critical", "Status:Approved"], "State": "closed", "Author": "SSP19SCM781"}
{"issue_number": 388, "created_at": "2019-04-10", "closed_at": "2019-04-11", "labels": ["Category:Bug", "DetectionPhase:Coding", "OritinationPhase:Design", "Priority:Major", "Status:Rejected"], "State": "closed", "Author": "SSP19SCM781"}
{"issue_number": 387, "created_at": "2019-04-10", "closed_at": "2019-04-14", "labels": ["Category:Enhancement", "DetectionPhase:Field", "OriginationPhase:Documentation", "Priority:High", "Status:inProgress"], "State": "closed", "Author": "SSP19SCM781"}
{"issue_number": 383, "created_at": "2019-04-10", "closed_at": "2019-04-10", "labels": ["Category:Bug", "Detection:Testing", "Origination:Requirements", "Priority:Critical", "Status:Approved"], "State": "closed", "Author": "MSP19SCM07P"}
{"issue_number": 380, "created_at": "2019-04-10", "closed_at": "2019-04-10", "labels": ["Category:Inquiry", "DetectionPhase:Field", "OriginationPhase:Coding", "Priority:Low", "Status:inProgress"], "State": "closed", "Author": "PSP19SCM76K"}
{"issue_number": 377, "created_at": "2019-04-10", "closed_at": "2019-04-10", "labels": ["Category:Bug", "DetectionPhase:Testing", "OriginationPhase:Requirements", "Priority:Critical", "Status:Approved"], "State": "closed", "Author": "CSP19SCM35G"}
{"issue_number": 376, "created_at": "2019-04-10", "closed_at": "2019-04-10", "labels": [], "State": "closed", "Author": "CSP19SCM35G"}
{"issue_number": 374, "created_at": "2019-04-10", "closed_at": "2019-04-10", "labels": ["Category:Inquiry", "DetectionPhase:Field", "OriginationPhase:Coding", "Priority:Low", "Status:inProgress"], "State": "closed", "Author": "ajha8"}
{"issue_number": 371, "created_at": "2019-04-10", "closed_at": "2019-04-10", "labels": ["Category:Inquiry", "DetectionPhase:Field", "OriginationPhase:Coding", "OriginationPhase:Documentation", "OriginationPhase:Field", "OriginationPhase:Testing", "Priority:High", "Priority:Low", "Priority:Medium", "Status:inProgress", "Status:pendingReview"], "State": "closed", "Author": "SSP19SCM40G"}
{"issue_number": 370, "created_at": "2019-04-10", "closed_at": "2019-04-10", "labels": ["Category:Inquiry", "DetectionPhase:Field", "OriginationPhase:Coding", "Priority:High", "Status:inProgress"], "State": "closed", "Author": "KSP19SCM20P"}
{"issue_number": 369, "created_at": "2019-04-10", "closed_at": "2019-04-10", "labels": ["Category:Bug", "DetectionPhase:Testing", "OriginationPhase:Requirements", "Priority:Critical", "Status:Approved"], "State": "closed", "Author": "ASP19SCM09A"}
{"issue_number": 364, "created_at": "2019-04-10", "closed_at": "2019-04-10", "labels": ["Category:Inquiry", "DetectionPhase:Field", "OriginationPhase:Coding", "Priority:High", "Status:inProgress"], "State": "closed", "Author": "MSP19SCM00A"}
{"issue_number": 362, "created_at": "2019-04-10", "closed_at": "2019-04-11", "labels": ["Category:Inquiry", "DetectionPhase:Field", "OriginationPhase:Documentation", "Priority:Critical", "Status:Approved"], "State": "closed", "Author": "RSP19SCM781"}
{"issue_number": 361, "created_at": "2019-04-10", "closed_at": "2019-04-14", "labels": ["Category:Bug", "DetectionPhase:Design", "OriginationPhase:Requirements", "Priority:Major", "Status:Rejected"], "State": "closed", "Author": "RSP19SCM781"}
{"issue_number": 360, "created_at": "2019-04-10", "closed_at": "2019-04-14", "labels": ["Category:Enhancement", "DetectionPhase:Design", "OritinationPhase:Design", "Priority:Major", "Status:Completed"], "State": "closed", "Author": "RSP19SCM781"}
{"issue_number": 359, "created_at": "2019-04-10", "closed_at": "2019-04-11", "labels": ["Category:Bug", "DetectionPhase:Field", "OriginationPhase:Testing", "Priority:Major", "Status:inProgress"], "State": "closed", "Author": "RSP19SCM781"}
{"issue_number": 358, "created_at": "2019-04-10", "closed_at": "2019-04-13", "labels": ["Category:Inquiry", "DetectionPhase:Field", "OriginationPhase:Requirements", "Priority:Low", "Status:Approved"], "State": "closed", "Author": "TSP19SCM782"}
{"issue_number": 357, "created_at": "2019-04-10", "closed_at": "2019-04-15", "labels": ["Category:Enhancement", "DetectionPhase:Design", "OriginationPhase:Coding", "Priority:Critical", "Status:inProgress"], "State": "closed", "Author": "TSP19SCM782"}
{"issue_number": 356, "created_at": "2019-04-10", "closed_at": "2019-04-13", "labels": ["Category:Enhancement", "DetectionPhase:Testing", "OriginationPhase:Design", "Priority:Major", "Status:Rejected"], "State": "closed", "Author": "TSP19SCM782"}
{"issue_number": 355, "created_at": "2019-04-10", "closed_at": "2019-04-13", "labels": ["Category:Inquiry", "DetectionPhase:Design", "OriginationPhase:Field", "Priority:Major", "Status:Rejected"], "State": "closed", "Author": "TSP19SCM782"}
{"issue_number": 354, "created_at": "2019-04-10", "closed_at": "2019-04-13", "labels": ["Category:Bug", "DetectionPhase:Testing", "OriginationPhase:Requirements", "Priority:Major", "Status:pendingReview"], "State": "closed", "Author": "TSP19SCM781"}
{"issue_number": 352, "created_at": "2019-04-10", "closed_at": "2019-04-13", "labels": ["Category:Enhancement", "DetectionPhase:Field", "OriginationPhase:Documentation", "Priority:High", "Status:inProgress"], "State": "closed", "Author": "TSP19SCM781"}
{"issue_number": 351, "created_at": "2019-04-10", "closed_at": "2019-04-10", "labels": ["Category:Inquiry", "DetectionPhase:Field", "OriginationPhase:Coding", "Priority:High", "Status:inProgress"], "State": "closed", "Author": "shiwanshukr"}
{"issue_number": 349, "created_at": "2019-04-10", "closed_at": "2019-04-10", "labels": ["Category:Bug", "Detection:Testing", "Origination:Requirements", "Priority:Major", "Status:Approved"], "State": "closed", "Author": "ZSP19SCM13W"}
{"issue_number": 348, "created_at": "2019-04-10", "closed_at": "2019-04-10", "labels": ["Category:Inquiry", "DetectionPhase:Field", "OriginationPhase:Coding", "Priority:Medium", "Status:inProgress"], "State": "closed", "Author": "CSP19SCM35G"}
{"issue_number": 347, "created_at": "2019-04-10", "closed_at": "2019-04-10", "labels": ["Category:Bug", "DetectionPhase:Testing", "OriginationPhase:Requirements", "Priority:Critical", "Status:Approved"], "State": "closed", "Author": "ASP19SCM61G"}
{"issue_number": 345, "created_at": "2019-04-10", "closed_at": "2019-04-10", "labels": ["Category:Bug", "DetectionPhase:Testing", "OriginationPhase:Requirements", "Priority:Critical", "Status:Approved"], "State": "closed", "Author": "HSP19SCM39P"}
{"issue_number": 341, "created_at": "2019-04-09", "closed_at": "2019-04-10", "labels": ["Category:Inquiry", "DetectionPhase:Field", "OriginationPhase:Coding", "Priority:Medium", "Status:inProgress"], "State": "closed", "Author": "TSP19SCM80P"}
{"issue_number": 338, "created_at": "2019-04-09", "closed_at": "2019-04-10", "labels": ["Category:Enhancement", "Detection:Testing", "Origination:Requirements", "Priority:Major", "Status:Completed"], "State": "closed", "Author": "ASP19SCM71S"}
{"issue_number": 337, "created_at": "2019-04-09", "closed_at": "2019-04-10", "labels": ["Category:Inquiry", "DetectionPhase:Field", "OriginationPhase:Coding", "Priority:Low", "Status:inProgress"], "State": "closed", "Author": "KSP19SCM90B"}
{"issue_number": 336, "created_at": "2019-04-09", "closed_at": "2019-04-09", "labels": ["Category:Enhancement", "DetectionPhase:Testing", "OriginationPhase:Requirements", "Priority:Critical", "Status:Completed"], "State": "closed", "Author": "SSP19SCM21B"}
{"issue_number": 335, "created_at": "2019-04-09", "closed_at": null, "labels": ["Category:Bug", "Detection:Testing", "OriginationPhase:Requirements", "Priority:Critical", "Status:Approved"], "State": "open", "Author": "KSP19SCM75S"}
{"issue_number": 333, "created_at": "2019-04-09", "closed_at": null, "labels": ["Category:Inquiry", "DetectionPhase:Field", "OriginationPhase:Documentation", "Priority:Low", "Status:inProgress"], "State": "open", "Author": "MinakshyRamachandran"}
{"issue_number": 329, "created_at": "2019-04-09", "closed_at": "2019-04-09", "labels": ["Category:Bug", "DetectionPhase:Testing", "OriginationPhase:Requirements", "Priority:Critical", "Status:Approved"], "State": "closed", "Author": "MSP19SCM59K"}
{"issue_number": 328, "created_at": "2019-04-09", "closed_at": "2019-04-10", "labels": ["Category:Bug", "Detection:Testing", "Origination:Requirements", "Priority:Critical", "Status:Approved"], "State": "closed", "Author": "FSP19SCM57S"}
{"issue_number": 327, "created_at": "2019-04-09", "closed_at": "2019-04-10", "labels": ["Category:Inquiry", "DetectionPhase:Field", "OriginationPhase:Coding", "Priority:Medium", "Status:inProgress"], "State": "closed", "Author": "SSP19SCM44W"}
{"issue_number": 326, "created_at": "2019-04-09", "closed_at": "2019-04-09", "labels": ["Category:Inquiry", "DetectionPhase:Field", "OriginationPhase:Coding", "Priority:Low", "Status:inProgress"], "State": "closed", "Author": "PSP19SCM08P"}
{"issue_number": 324, "created_at": "2019-04-09", "closed_at": "2019-04-09", "labels": ["Category:Enhancement", "DetectionPhase:Testing", "OriginationPhase:Design", "Priority:Critical", "Status:Approved"], "State": "closed", "Author": "MSP19SCM63X"}
{"issue_number": 322, "created_at": "2019-04-09", "closed_at": "2019-04-09", "labels": ["Category:Bug", "DetectionPhase:Testing", "OriginationPhase:Requirements", "Priority:Critical", "Status:Approved"], "State": "closed", "Author": "RSP19SCM71C"}
{"issue_number": 319, "created_at": "2019-04-09", "closed_at": "2019-04-09", "labels": ["Category:Enhancement", "DetectionPhase:Testing", "OriginationPhase:Requirements", "Priority:Major", "Status:Approved"], "State": "closed", "Author": "PSP19SCM07S"}
{"issue_number": 318, "created_at": "2019-04-09", "closed_at": "2019-04-09", "labels": ["Category:Enhancement", "DetectionPhase:Testing", "OriginationPhase:Requirements", "Priority:Major", "Status:Approved"], "State": "closed", "Author": "ASP19SCM57V"}
{"issue_number": 316, "created_at": "2019-04-09", "closed_at": null, "labels": ["Category:Inquiry", "DetectionPhase:Field", "OriginationPhase:Coding", "Priority:High", "Status:inProgress"], "State": "open", "Author": "ASP19SCM32A"}
{"issue_number": 313, "created_at": "2019-04-09", "closed_at": "2019-04-09", "labels": ["Category:Inquiry", "DetectionPhase:Field", "OriginationPhase:Coding", "Priority:High", "Status:inProgress"], "State": "closed", "Author": "JSP19SCM86L"}
{"issue_number": 312, "created_at": "2019-04-09", "closed_at": "2019-04-09", "labels": ["Category:Inquiry", "DetectionPhase:Field", "OriginationPhase:Coding", "Priority:High", "Status:inProgress"], "State": "closed", "Author": "CSP19SCM54G"}
{"issue_number": 310, "created_at": "2019-04-09", "closed_at": "2019-04-10", "labels": ["Category:Enhancement", "Detection:Testing", "Origination:Requirements", "Priority:Critical", "Status:Approved"], "State": "closed", "Author": "ASP19SCM59K"}
{"issue_number": 306, "created_at": "2019-04-09", "closed_at": "2019-04-09", "labels": ["Category:Bug", "DetectionPhase:Testing", "OriginationPhase:Design", "Priority:Critical", "Status:Completed"], "State": "closed", "Author": "ASP19SCM23W"}
{"issue_number": 305, "created_at": "2019-04-09", "closed_at": "2019-04-09", "labels": ["Category:Bug", "DetectionPhase:Testing", "OriginationPhase:Requirements", "Priority:Critical", "Status:Approved"], "State": "closed", "Author": "MSP19SCM59K"}
{"issue_number": 304, "created_at": "2019-04-09", "closed_at": "2019-04-10", "labels": ["Category:Inquiry", "DetectionPhase:Field", "OriginationPhase:Field", "Priority:Medium", "Status:pendingReview"], "State": "closed", "Author": "SSP19SCM52K"}
{"issue_number": 303, "created_at": "2019-04-09", "closed_at": "2019-04-09", "labels": ["Category:Inquiry", "DetectionPhase:Field", "OriginationPhase:Field", "Priority:Medium", "Status:pendingReview"], "State": "closed", "Author": "fashokkumar"}
{"issue_number": 302, "created_at": "2019-04-09", "closed_at": "2019-04-09", "labels": ["Category:Inquiry", "DetectionPhase:Field", "OriginationPhase:Field", "Priority:Medium", "Status:pendingReview"], "State": "closed", "Author": "NSP19SCM30A"}
{"issue_number": 300, "created_at": "2019-04-09", "closed_at": "2019-04-13", "labels": ["Category:Enhancement", "DetectionPhase:Field", "OriginationPhase:Coding", "Priority:Major", "Status:Completed"], "State": "closed", "Author": "DSP19SCM781"}
{"issue_number": 299, "created_at": "2019-04-09", "closed_at": "2019-04-13", "labels": ["Category:Bug", "DetectionPhase:Design", "OriginationPhase:Testing", "Priority:Low", "Status:Completed"], "State": "closed", "Author": "DSP19SCM781"}
{"issue_number": 298, "created_at": "2019-04-09", "closed_at": "2019-04-10", "labels": ["Category:Enhancement", "DetectionPhase:Design", "OritinationPhase:Design", "Priority:Major", "Status:Completed"], "State": "closed", "Author": "DSP19SCM781"}
{"issue_number": 297, "created_at": "2019-04-09", "closed_at": "2019-04-10", "labels": ["Category:Enhancement", "DetectionPhase:Field", "OriginationPhase:Testing", "Priority:Medium", "Status:Approved"], "State": "closed", "Author": "DSP19SCM781"}
{"issue_number": 296, "created_at": "2019-04-09", "closed_at": "2019-04-10", "labels": ["Category:Enhancement", "DetectionPhase:Design", "OriginationPhase:Testing", "Priority:High", "Status:inProgress"], "State": "closed", "Author": "DSP19SCM781"}
{"issue_number": 295, "created_at": "2019-04-09", "closed_at": "2019-04-13", "labels": ["Category:Bug", "DetectionPhase:Coding", "OriginationPhase:Testing", "Priority:Low", "Status:pendingReview"], "State": "closed", "Author": "SSP19SCM781"}
{"issue_number": 294, "created_at": "2019-04-09", "closed_at": "2019-04-11", "labels": ["Category:Enhancement", "DetectionPhase:Field", "OriginationPhase:Requirements", "Priority:Low", "Status:Completed"], "State": "closed", "Author": "SSP19SCM781"}
{"issue_number": 293, "created_at": "2019-04-09", "closed_at": "2019-04-10", "labels": ["Category:Inquiry", "DetectionPhase:Testing", "OritinationPhase:Design", "Priority:Major", "Status:inProgress"], "State": "closed", "Author": "RSP19SCM781"}
{"issue_number": 292, "created_at": "2019-04-09", "closed_at": "2019-04-13", "labels": ["Category:Enhancement", "DetectionPhase:Coding", "OriginationPhase:Field", "Priority:Low", "Status:Completed"], "State": "closed", "Author": "RSP19SCM781"}
{"issue_number": 291, "created_at": "2019-04-09", "closed_at": "2019-04-09", "labels": ["Category:Enhancement", "Detection:Testing", "Origination:Requirements", "Priority:Major", "Status:Rejected"], "State": "closed", "Author": "SSP19SCM75K"}
{"issue_number": 288, "created_at": "2019-04-08", "closed_at": "2019-04-09", "labels": ["Category:Inquiry", "DetectionPhase:Field", "OriginationPhase:Coding", "Priority:High", "Status:pendingReview"], "State": "closed", "Author": "VSP19SCM12C"}
{"issue_number": 287, "created_at": "2019-04-08", "closed_at": "2019-04-09", "labels": ["Category:Bug", "DetectionPhase:Testing", "OriginationPhase:Requirements", "Priority:Critical", "Status:Approved"], "State": "closed", "Author": "XSP19SCM71C"}
{"issue_number": 284, "created_at": "2019-04-08", "closed_at": "2019-04-09", "labels": ["Category:Bug", "DetectionPhase:Testing", "OriginationPhase:Requirements", "Priority:Critical", "Status:Approved"], "State": "closed", "Author": "MehulSin"}
{"issue_number": 282, "created_at": "2019-04-08", "closed_at": "2019-04-09", "labels": ["Category:Bug", "DetectionPhase:Testing", "OriginationPhase:Requirements", "Priority:Critical", "Status:Approved"], "State": "closed", "Author": "YSP19SCM81M"}
{"issue_number": 281, "created_at": "2019-04-08", "closed_at": "2019-04-10", "labels": ["Category:Enhancement", "DetectionPhase:Field", "OriginationPhase:Requirements", "Priority:Critical", "Status:pendingReview"], "State": "closed", "Author": "RSP19SCM781"}
{"issue_number": 280, "created_at": "2019-04-08", "closed_at": "2019-04-10", "labels": ["Category:Enhancement", "DetectionPhase:Design", "OriginationPhase:Requirements", "Priority:Low", "Status:Approved"], "State": "closed", "Author": "RSP19SCM781"}
{"issue_number": 279, "created_at": "2019-04-08", "closed_at": "2019-04-10", "labels": ["Category:Inquiry", "DetectionPhase:Field", "OritinationPhase:Design", "Priority:Medium", "Status:Completed"], "State": "closed", "Author": "RSP19SCM781"}
{"issue_number": 278, "created_at": "2019-04-08", "closed_at": "2019-04-10", "labels": ["Category:Enhancement", "DetectionPhase:Design", "OritinationPhase:Design", "Priority:Low", "Status:Completed"], "State": "closed", "Author": "RSP19SCM781"}
{"issue_number": 277, "created_at": "2019-04-08", "closed_at": "2019-04-11", "labels": ["Category:Bug", "DetectionPhase:Field", "OriginationPhase:Requirements", "Priority:Medium", "Status:pendingReview"], "State": "closed", "Author": "SSP19SCM781"}
{"issue_number": 276, "created_at": "2019-04-08", "closed_at": "2019-04-13", "labels": ["Category:Enhancement", "DetectionPhase:Coding", "OriginationPhase:Coding", "Priority:Major", "Status:inProgress"], "State": "closed", "Author": "SSP19SCM781"}
{"issue_number": 275, "created_at": "2019-04-08", "closed_at": "2019-04-10", "labels": ["Category:Enhancement", "DetectionPhase:Testing", "OriginationPhase:Design", "Priority:High", "Status:Completed"], "State": "closed", "Author": "SSP19SCM781"}
{"issue_number": 274, "created_at": "2019-04-08", "closed_at": "2019-04-10", "labels": ["Category:Inquiry", "DetectionPhase:Field", "OriginationPhase:Documentation", "Priority:High", "Status:Rejected"], "State": "closed", "Author": "SSP19SCM782"}
{"issue_number": 273, "created_at": "2019-04-08", "closed_at": "2019-04-11", "labels": ["Category:Bug", "DetectionPhase:Coding", "OritinationPhase:Design", "Priority:Low", "Status:pendingReview"], "State": "closed", "Author": "SSP19SCM782"}
{"issue_number": 272, "created_at": "2019-04-08", "closed_at": "2019-04-10", "labels": ["Category:Inquiry", "DetectionPhase:Field", "OriginationPhase:Field", "Priority:Low", "Status:Approved"], "State": "closed", "Author": "SSP19SCM782"}
{"issue_number": 269, "created_at": "2019-04-08", "closed_at": "2019-04-08", "labels": ["Category:Inquiry", "DetectionPhase:Field", "OriginationPhase:Coding", "Priority:High", "Status:inProgress"], "State": "closed", "Author": "VSP19SCM70K"}
{"issue_number": 268, "created_at": "2019-04-08", "closed_at": "2019-04-08", "labels": ["Category:Bug", "DetectionPhase:Testing", "OriginationPhase:Requirements", "Priority:Major", "Status:Completed"], "State": "closed", "Author": "JSP19SCM65Z"}
{"issue_number": 267, "created_at": "2019-04-07", "closed_at": null, "labels": ["Category:Inquiry", "DetectionPhase:Field", "OriginationPhase:Documentation", "Priority:Medium", "Status:inProgress"], "State": "open", "Author": "JSP19SCM42J"}
{"issue_number": 266, "created_at": "2019-04-07", "closed_at": "2019-04-07", "labels": [], "State": "closed", "Author": "JSP19SCM42J"}
{"issue_number": 263, "created_at": "2019-04-07", "closed_at": "2019-04-08", "labels": ["Category:Bug", "DetectionPhase:Testing", "OriginationPhase:Requirements", "Priority:Major", "Status:Approved"], "State": "closed", "Author": "JSP19SCM13R"}
{"issue_number": 262, "created_at": "2019-04-07", "closed_at": "2019-04-08", "labels": ["Category:Enhancement", "DetectionPhase:Testing", "OriginationPhase:Requirements", "Priority:Critical", "Status:Completed"], "State": "closed", "Author": "rdhande"}
{"issue_number": 260, "created_at": "2019-04-07", "closed_at": "2019-04-08", "labels": ["Category:Inquiry", "DetectionPhase:Field", "OriginationPhase:Documentation", "Priority:High", "Status:pendingReview"], "State": "closed", "Author": "SSP19SCM98G"}
{"issue_number": 258, "created_at": "2019-04-07", "closed_at": "2019-04-08", "labels": ["Category:Inquiry", "DetectionPhase:Field", "OriginationPhase:Documentation", "Priority:High", "Status:inProgress"], "State": "closed", "Author": "ASP19SCM00V"}
{"issue_number": 255, "created_at": "2019-04-07", "closed_at": "2019-04-07", "labels": ["Category:Inquiry", "DetectionPhase:Field", "OriginationPhase:Coding", "Priority:High", "Status:pendingReview"], "State": "closed", "Author": "HSP19SCM72L"}
{"issue_number": 253, "created_at": "2019-04-06", "closed_at": "2019-04-07", "labels": ["Category:Bug", "DetectionPhase:Testing", "OriginationPhase:Requirements", "Priority:Major", "Status:Approved"], "State": "closed", "Author": "JSP19SCM13R"}
{"issue_number": 251, "created_at": "2019-04-06", "closed_at": "2019-04-07", "labels": ["Category:Inquiry", "DetectionPhase:Field", "OriginationPhase:Coding", "Priority:High", "Status:inProgress"], "State": "closed", "Author": "PSP19SCM38K"}
{"issue_number": 249, "created_at": "2019-04-06", "closed_at": "2019-04-06", "labels": ["Category:Inquiry", "DetectionPhase:Field", "OriginationPhase:Coding", "Priority:High", "Status:inProgress"], "State": "closed", "Author": "MSP19SCM18H"}
{"issue_number": 246, "created_at": "2019-04-05", "closed_at": "2019-04-06", "labels": ["Category:Enhancement", "DetectionPhase:Testing", "OriginationPhase:Requirements", "Priority:Major", "Status:Approved"], "State": "closed", "Author": "HSP19SCM19M"}
{"issue_number": 244, "created_at": "2019-04-05", "closed_at": "2019-04-09", "labels": ["Category:Enhancement", "DetectionPhase:Design", "OriginationPhase:Documentation", "Priority:Medium", "Status:Completed"], "State": "closed", "Author": "TSP19SCM781"}
{"issue_number": 243, "created_at": "2019-04-05", "closed_at": "2019-04-09", "labels": ["Category:Inquiry", "DetectionPhase:Field", "OriginationPhase:Requirements", "Priority:Major", "Status:Completed"], "State": "closed", "Author": "TSP19SCM781"}
{"issue_number": 242, "created_at": "2019-04-05", "closed_at": "2019-04-09", "labels": ["Category:Enhancement", "DetectionPhase:Testing", "OritinationPhase:Design", "Priority:High", "Status:pendingReview"], "State": "closed", "Author": "SSP19SCM782"}
{"issue_number": 241, "created_at": "2019-04-05", "closed_at": "2019-04-09", "labels": ["Category:Bug", "DetectionPhase:Design", "OriginationPhase:Documentation", "Priority:Major", "Status:pendingReview"], "State": "closed", "Author": "SSP19SCM782"}
{"issue_number": 240, "created_at": "2019-04-05", "closed_at": "2019-04-09", "labels": ["Category:Bug", "DetectionPhase:Coding", "OriginationPhase:Field", "Priority:High", "Status:Approved"], "State": "closed", "Author": "SSP19SCM781"}
{"issue_number": 239, "created_at": "2019-04-05", "closed_at": "2019-04-10", "labels": ["Category:Bug", "DetectionPhase:Design", "OriginationPhase:Documentation", "Priority:Major", "Status:pendingReview"], "State": "closed", "Author": "SSP19SCM781"}
{"issue_number": 238, "created_at": "2019-04-05", "closed_at": "2019-04-10", "labels": ["Category:Inquiry", "DetectionPhase:Testing", "OriginationPhase:Field", "Priority:High", "Status:Completed"], "State": "closed", "Author": "RSP19SCM782"}
{"issue_number": 237, "created_at": "2019-04-05", "closed_at": "2019-04-10", "labels": ["Category:Enhancement", "DetectionPhase:Design", "OritinationPhase:Design", "Priority:Medium", "Status:Rejected"], "State": "closed", "Author": "RSP19SCM782"}
{"issue_number": 236, "created_at": "2019-04-05", "closed_at": "2019-04-10", "labels": ["Category:Bug", "DetectionPhase:Field", "OritinationPhase:Design", "Priority:Major", "Status:inProgress"], "State": "closed", "Author": "RSP19SCM781"}
{"issue_number": 235, "created_at": "2019-04-05", "closed_at": "2019-04-10", "labels": ["Category:Inquiry", "DetectionPhase:Testing", "OriginationPhase:Design", "Priority:Major", "Status:inProgress"], "State": "closed", "Author": "RSP19SCM781"}
{"issue_number": 232, "created_at": "2019-04-05", "closed_at": "2019-04-05", "labels": ["Category:Inquiry", "DetectionPhase:Field", "OriginationPhase:Coding", "Priority:High", "Status:pendingReview"], "State": "closed", "Author": "PSP19SCM40J"}
{"issue_number": 231, "created_at": "2019-04-05", "closed_at": "2019-04-05", "labels": ["Category:Enhancement", "DetectionPhase:Testing", "OriginationPhase:Requirements", "Priority:High", "Status:Approved"], "State": "closed", "Author": "RSP19SCM73K"}
{"issue_number": 230, "created_at": "2019-04-05", "closed_at": "2019-04-06", "labels": ["Address:McDonalds 3867 S Archer Ave 60632", "Category:Bug", "DetectionPhase:Design", "Latitude:41.823292", "Longitude:-87.688828", "OriginationPhase:Requirements", "Priority:High", "Status:pendingReview"], "State": "closed", "Author": "ZSP19SCM13W"}
{"issue_number": 229, "created_at": "2019-04-05", "closed_at": "2019-04-05", "labels": [], "State": "closed", "Author": "ZSP19SCM13W"}
{"issue_number": 227, "created_at": "2019-04-05", "closed_at": "2019-04-05", "labels": ["Category:Bug", "DetectionPhase:Testing", "OriginationPhase:Requirements", "Priority:High", "Status:Approved"], "State": "closed", "Author": "WSP19SCM39H"}
{"issue_number": 226, "created_at": "2019-04-05", "closed_at": "2019-04-05", "labels": ["Category:Bug", "DetectionPhase:Testing", "OriginationPhase:Requirements", "Priority:High", "Status:Approved"], "State": "closed", "Author": "ZSP19SCM95D"}
{"issue_number": 225, "created_at": "2019-04-05", "closed_at": "2019-04-07", "labels": ["Category:Enhancement", "DetectionPhase:Coding", "OriginationPhase:Requirements", "Priority:Medium", "Status:inProgress"], "State": "closed", "Author": "RSP19SCM781"}
{"issue_number": 224, "created_at": "2019-04-05", "closed_at": "2019-04-07", "labels": ["Category:Inquiry", "DetectionPhase:Design", "OriginationPhase:Design", "Priority:Low", "Status:pendingReview"], "State": "closed", "Author": "RSP19SCM781"}
{"issue_number": 223, "created_at": "2019-04-05", "closed_at": "2019-04-07", "labels": ["Category:Enhancement", "DetectionPhase:Coding", "OriginationPhase:Design", "Priority:Major", "Status:pendingReview"], "State": "closed", "Author": "SPM587SP19"}
{"issue_number": 222, "created_at": "2019-04-05", "closed_at": "2019-04-09", "labels": ["Category:Enhancement", "DetectionPhase:Design", "OritinationPhase:Design", "Priority:Low", "Status:Completed"], "State": "closed", "Author": "SPM587SP19"}
{"issue_number": 221, "created_at": "2019-04-05", "closed_at": "2019-04-09", "labels": ["Category:Enhancement", "DetectionPhase:Testing", "OriginationPhase:Testing", "Priority:Medium", "Status:Rejected"], "State": "closed", "Author": "SPM587SP19"}
{"issue_number": 220, "created_at": "2019-04-05", "closed_at": "2019-04-08", "labels": ["Category:Enhancement", "DetectionPhase:Design", "OriginationPhase:Requirements", "Priority:Low", "Status:Completed"], "State": "closed", "Author": "SPM587SP19"}
{"issue_number": 219, "created_at": "2019-04-05", "closed_at": "2019-04-10", "labels": ["Category:Inquiry", "DetectionPhase:Coding", "OriginationPhase:Requirements", "Priority:High", "Status:pendingReview"], "State": "closed", "Author": "TSP19SCM782"}
{"issue_number": 218, "created_at": "2019-04-05", "closed_at": "2019-04-08", "labels": ["Category:Inquiry", "DetectionPhase:Design", "OriginationPhase:Field", "Priority:High", "Status:inProgress"], "State": "closed", "Author": "TSP19SCM782"}
{"issue_number": 217, "created_at": "2019-04-05", "closed_at": "2019-04-09", "labels": ["Category:Inquiry", "DetectionPhase:Coding", "OriginationPhase:Requirements", "Priority:Medium", "Status:Rejected"], "State": "closed", "Author": "TSP19SCM781"}
{"issue_number": 216, "created_at": "2019-04-05", "closed_at": "2019-04-08", "labels": ["Category:Enhancement", "DetectionPhase:Coding", "OriginationPhase:Coding", "Priority:Major", "Status:Completed"], "State": "closed", "Author": "TSP19SCM781"}
{"issue_number": 211, "created_at": "2019-04-04", "closed_at": "2019-04-04", "labels": ["Address:536 Post Road Fairfield CT 06824", "Category:Bug", "DetectionPhase:Design", "Latitude:41.144", "Longitude:-73.249570", "OriginationPhase:Requirements", "Priority:Medium", "Status:Approved"], "State": "closed", "Author": "JSP19SCM03G"}
{"issue_number": 210, "created_at": "2019-04-04", "closed_at": "2019-04-04", "labels": ["Address:1737 W Fullerton Ave Chicago IL 60614", "Category:Bug", "DetectionPhase:Design", "Latitude:41.925091", "Longitude:-87.671829", "Priority:Medium", "Status:pendingReview"], "State": "closed", "Author": "MSP19SCM63X"}
{"issue_number": 208, "created_at": "2019-04-04", "closed_at": "2019-04-04", "labels": ["Address:McDonalds 2525 S King Dr Chicago 60616", "Category:Bug", "DetectionPhase:Design", "Latitude:41.847200", "Longitude:-87.617190", "Priority:Medium", "Status:pendingReview"], "State": "closed", "Author": "PSP19SCM80S"}
{"issue_number": 206, "created_at": "2019-04-04", "closed_at": "2019-04-04", "labels": ["Address:McDonalds 2301 S. lake shore Chicago 60616", "Category:Bug", "DetectionPhase:Design", "Latitude:41.847198", "Longitude:-87.633531", "OritinationPhase:Design", "Priority:Medium", "Status:pendingReview"], "State": "closed", "Author": "SSP19SCM40G"}
{"issue_number": 200, "created_at": "2019-04-04", "closed_at": "2019-04-04", "labels": ["Address:McDonalds 3867 S Archer Ave 60632", "Category:Bug", "DetectionPhase:Design", "Latitude:41.823292", "Longitude:-87.688828", "OriginationPhase:Requirements", "Priority:Medium", "Status:pendingReview"], "State": "closed", "Author": "MSP19SCM59K"}
{"issue_number": 199, "created_at": "2019-04-04", "closed_at": "2019-04-04", "labels": ["Address:McDonalds 2525 S King Dr Chicago 60616", "Category:Bug", "DetectionPhase:Design", "Latitude:41.847200", "Longitude:-87.617190", "OriginationPhase:Requirements", "Priority:Medium", "Status:pendingReview"], "State": "closed", "Author": "HSP19SCM39P"}
{"issue_number": 198, "created_at": "2019-04-04", "closed_at": "2019-04-04", "labels": ["Address:McDonalds 2525 S King Dr Chicago 60616", "Category:Bug", "DetectionPhase:Design", "Latitude:41.847200", "Longitude:-87.617190", "OriginationPhase:Requirements", "Priority:Medium", "Status:pendingReview"], "State": "closed", "Author": "ASP19SCM09A"}
{"issue_number": 197, "created_at": "2019-04-04", "closed_at": "2019-04-04", "labels": ["Address:McDonalds 2525 S King Dr Chicago 60616", "Category:Bug", "DetectionPhase:Design", "Latitude:41.847200", "Longitude:-87.617190", "OriginationPhase:Requirements", "Priority:Medium", "Status:pendingReview"], "State": "closed", "Author": "KSP19SCM20P"}
{"issue_number": 193, "created_at": "2019-04-04", "closed_at": "2019-04-04", "labels": ["Address:125 S Randall Rd Algonquin IL 60102", "Category:Bug", "DetectionPhase:Design", "Latitude:42.174650", "Longitude:-88.335290", "Priority:Medium", "Status:Approved"], "State": "closed", "Author": "SSP19SCM75K"}
{"issue_number": 191, "created_at": "2019-04-04", "closed_at": "2019-04-04", "labels": ["Address:McDonalds 2525 S King Dr Chicago 60616", "Category:Bug", "DetectionPhase:Design", "Latitude:41.847198", "Longitude:-87.617188", "OriginationPhase:Requirements", "Priority:Medium", "Status:Approved"], "State": "closed", "Author": "ajha8"}
{"issue_number": 190, "created_at": "2019-04-03", "closed_at": "2019-04-03", "labels": ["Address:McDonalds 2525 S King Dr Chicago 60616", "Category:Bug", "DetectionPhase:Design", "Latitude:41.847198", "Longitude:-87.617188", "OriginationPhase:Requirements", "Priority:Medium", "Status:inProgress"], "State": "closed", "Author": "shiwanshukr"}
{"issue_number": 186, "created_at": "2019-04-03", "closed_at": "2019-04-03", "labels": ["Address:McDonalds 2525 S King Dr Chicago 60616", "Category:Bug", "DetectionPhase:Design", "Latitude:41.847198", "Longitude:-87.617188", "OriginationPhase:Requirements", "Priority:Medium", "Status:Approved"], "State": "closed", "Author": "PSP19SCM08P"}
{"issue_number": 185, "created_at": "2019-04-03", "closed_at": "2019-04-04", "labels": ["Category:Bug", "DetectionPhase:Design", "Latitude:41.847198", "Longitude:-87.617188", "OriginationPhase:Requirements", "Priority:Medium", "Status:Approved"], "State": "closed", "Author": "TSP19SCM80P"}
{"issue_number": 182, "created_at": "2019-04-03", "closed_at": "2019-04-03", "labels": ["Address:McDonalds 2525 S King Dr Chicago 60616", "Category:Bug", "DetectionPhase:Design", "Latitude:41.847198", "Longitude:-87.617188", "OriginationPhase:Requirements", "Priority:Medium", "Status:Approved"], "State": "closed", "Author": "ASP19SCM61G"}
{"issue_number": 181, "created_at": "2019-04-03", "closed_at": "2019-04-04", "labels": ["Address:McDonalds 2525 S King Dr Chicago 60616", "Category:Bug", "DetectionPhase:Design", "Latitude:41.847198", "Longitude:-87.617188", "OriginationPhase:Requirements", "Priority:Medium", "Status:pendingReview"], "State": "closed", "Author": "ASP19SCM32A"}
{"issue_number": 179, "created_at": "2019-04-03", "closed_at": "2019-04-04", "labels": ["Address:McDonalds 2301 S. lake shore Chicago 60616", "Category:Bug", "DetectionPhase:Design", "Latitude:41.850127", "Longitude:-87.617188", "OriginationPhase:Requirements", "Priority:Medium", "Status:pendingReview"], "State": "closed", "Author": "SSP19SCM21B"}
{"issue_number": 178, "created_at": "2019-04-03", "closed_at": "2019-04-03", "labels": ["Address:McDonalds 3867 S Archer Ave 60632", "Category:Bug", "DetectionPhase:Design", "Latitude:41.823292", "Longitude:-87.688828", "OriginationPhase:Requirements", "Priority:High", "Status:Approved"], "State": "closed", "Author": "HSP19SCM81A"}
{"issue_number": 177, "created_at": "2019-04-03", "closed_at": "2019-04-03", "labels": ["Address:McDonalds 2525 S King Dr Chicago 60616", "Category:Bug", "DetectionPhase:Design", "Latitude:41.847198", "Longitude:-87.617188", "OriginationPhase:Requirements", "Priority:Medium", "Status:inProgress"], "State": "closed", "Author": "FSP19SCM57S"}
{"issue_number": 176, "created_at": "2019-04-03", "closed_at": "2019-04-03", "labels": ["Address:2525 S Martin Luther King Dr Chicago 60616", "Category:Bug", "DetectionPhase:Design", "Latitude:41.847198", "Longitude:-87.617188", "OriginationPhase:Requirements", "Priority:Medium", "Status:Approved"], "State": "closed", "Author": "SSP19SCM44W"}
{"issue_number": 174, "created_at": "2019-04-03", "closed_at": "2019-04-03", "labels": ["Address:McDonalds 2301 S. lake shore Chicago 60616", "Category:Bug", "DetectionPhase:Design", "Latitude:41.879519", "Longitude:-87.633531", "OriginationPhase:Requirements", "OritinationPhase:Design", "Priority:High", "Priority:Medium", "Status:Approved", "Status:inProgress", "Status:pendingReview"], "State": "closed", "Author": "RSP19SCM73K"}
{"issue_number": 170, "created_at": "2019-04-03", "closed_at": "2019-04-03", "labels": ["Address:600 N Clark St Chicago IL 60610", "Category:Bug", "DetectionPhase:Design", "Latitude:41.892502", "Longitude:-87.631279", "OriginationPhase:Requirements", "Priority:Medium", "Status:pendingReview"], "State": "closed", "Author": "SSP19SCM81Y"}
{"issue_number": 169, "created_at": "2019-04-03", "closed_at": "2019-04-03", "labels": ["Address:McDonalds 2525 S King Dr Chicago 60616", "Category:Bug", "DetectionPhase:Design", "Latitude:41.847200", "Longitude:-87.617190", "OriginationPhase:Requirements", "Priority:High", "Status:inProgress"], "State": "closed", "Author": "PSP19SCM76K"}
{"issue_number": 168, "created_at": "2019-04-03", "closed_at": "2019-04-03", "labels": ["Category:Bug", "DetectionPhase:Testing", "OriginationPhase:Requirements", "Priority:Major", "Status:Approved"], "State": "closed", "Author": "JSP19SCM59D"}
{"issue_number": 164, "created_at": "2019-04-03", "closed_at": "2019-04-03", "labels": ["Address:McDonalds 2525 S King Dr Chicago 60616", "Category:Bug", "DetectionPhase:Design", "Latitude:41.891521", "Longitude:-87.622223", "OriginationPhase:Requirements", "Priority:High", "Status:inProgress"], "State": "closed", "Author": "ASP19SCM59K"}
{"issue_number": 162, "created_at": "2019-04-03", "closed_at": "2019-04-03", "labels": ["Address:McDonalds 2525 S King Dr Chicago 60616", "Category:Bug", "DetectionPhase:Design", "Latitude:41.847198", "Longitude:-87.617188", "OriginationPhase:Requirements", "Priority:Medium", "Status:Approved"], "State": "closed", "Author": "JSP19SCM33G"}
{"issue_number": 161, "created_at": "2019-04-03", "closed_at": "2019-04-03", "labels": ["Address:McDonalds 2301 S. lake shore Chicago 60616", "Category:Bug", "DetectionPhase:Design", "Latitude:41.850127", "Longitude:-87.615991", "OriginationPhase:Requirements", "Priority:High", "Status:Approved"], "State": "closed", "Author": "MinakshyRamachandran"}
{"issue_number": 160, "created_at": "2019-04-03", "closed_at": "2019-04-10", "labels": ["Category:Inquiry", "DetectionPhase:Design", "OriginationPhase:Documentation", "Priority:Major", "Status:Approved"], "State": "closed", "Author": "RSP19SCM781"}
{"issue_number": 159, "created_at": "2019-04-03", "closed_at": "2019-04-05", "labels": ["Category:Inquiry", "DetectionPhase:Coding", "OriginationPhase:Field", "Priority:Low", "Status:inProgress"], "State": "closed", "Author": "RSP19SCM781"}
{"issue_number": 158, "created_at": "2019-04-03", "closed_at": "2019-04-05", "labels": ["Category:Enhancement", "DetectionPhase:Design", "OriginationPhase:Coding", "Priority:High", "Status:Completed"], "State": "closed", "Author": "DSP19SCM782"}
{"issue_number": 157, "created_at": "2019-04-03", "closed_at": "2019-04-05", "labels": ["Category:Inquiry", "DetectionPhase:Coding", "OritinationPhase:Design", "Priority:Low", "Status:Rejected"], "State": "closed", "Author": "DSP19SCM782"}
{"issue_number": 156, "created_at": "2019-04-03", "closed_at": "2019-04-07", "labels": ["Category:Inquiry", "DetectionPhase:Coding", "OriginationPhase:Documentation", "Priority:Major", "Status:inProgress"], "State": "closed", "Author": "TSP19SCM782"}
{"issue_number": 155, "created_at": "2019-04-03", "closed_at": "2019-04-05", "labels": ["Category:Enhancement", "DetectionPhase:Coding", "OriginationPhase:Testing", "Priority:Medium", "Status:inProgress"], "State": "closed", "Author": "TSP19SCM782"}
{"issue_number": 154, "created_at": "2019-04-03", "closed_at": "2019-04-05", "labels": ["Category:Inquiry", "DetectionPhase:Design", "OriginationPhase:Field", "Priority:Medium", "Status:pendingReview"], "State": "closed", "Author": "RSP19SCM782"}
{"issue_number": 153, "created_at": "2019-04-03", "closed_at": "2019-04-05", "labels": ["Category:Enhancement", "DetectionPhase:Coding", "OriginationPhase:Requirements", "Priority:Low", "Status:Rejected"], "State": "closed", "Author": "RSP19SCM782"}
{"issue_number": 152, "created_at": "2019-04-03", "closed_at": "2019-04-08", "labels": ["Category:Enhancement", "DetectionPhase:Coding", "OriginationPhase:Testing", "Priority:Major", "Status:pendingReview"], "State": "closed", "Author": "SSP19SCM782"}
{"issue_number": 151, "created_at": "2019-04-03", "closed_at": "2019-04-05", "labels": ["Category:Enhancement", "DetectionPhase:Design", "OritinationPhase:Design", "Priority:Major", "Status:inProgress"], "State": "closed", "Author": "SSP19SCM782"}
{"issue_number": 150, "created_at": "2019-04-03", "closed_at": "2019-04-03", "labels": ["Address:3232 IL59 Naperville IL 60564", "Category:Bug", "DetectionPhase:Design", "Latitude:41.705611", "Longitude:-88.204826", "OriginationPhase:Requirements", "Priority:Medium", "Status:pendingReview"], "State": "closed", "Author": "CSP19SCM54G"}
{"issue_number": 149, "created_at": "2019-04-03", "closed_at": "2019-04-04", "labels": ["Address:McDonalds 2525 S King Dr Chicago 60616", "Category:Bug", "DetectionPhase:Design", "Latitude:41.713634", "Longitude:-87.613952", "OriginationPhase:Requirements", "Priority:High", "Status:Approved"], "State": "closed", "Author": "MehulSin"}
{"issue_number": 146, "created_at": "2019-04-03", "closed_at": "2019-04-03", "labels": ["Address:7832 S Western Ave Chicago IL 60620", "Category:Bug", "DetectionPhase:Design", "Latitude:41.751278", "Longitude:-87.683320", "OriginationPhase:Requirements", "Priority:Medium", "Status:pendingReview"], "State": "closed", "Author": "ASP19SCM00V"}
{"issue_number": 143, "created_at": "2019-04-03", "closed_at": "2019-04-03", "labels": ["Address:McDonalds 2525 S King Dr Chicago 60616", "Latitude:41.847200", "Longitude:-87.617190", "OriginationPhase:Requirements", "Priority:High", "Status:Approved"], "State": "closed", "Author": "CSP19SCM35G"}
{"issue_number": 142, "created_at": "2019-04-03", "closed_at": "2019-04-03", "labels": ["Address:McDonalds 2525 S King Dr Chicago 60616", "Category:Bug", "DetectionPhase:Design", "Latitude:41.847200", "Longitude:-87.617190", "OriginationPhase:Requirements", "Priority:High", "Status:pendingReview"], "State": "closed", "Author": "HSP19SCM19M"}
{"issue_number": 139, "created_at": "2019-04-03", "closed_at": "2019-04-03", "labels": ["Address:McDonalds 2525 S King Dr Chicago 60616", "Category:Bug", "DetectionPhase:Design", "Latitude:41.847200", "Longitude:-87.617190", "OriginationPhase:Requirements", "Priority:Medium", "Status:Approved"], "State": "closed", "Author": "RSP19SCM71C"}
{"issue_number": 138, "created_at": "2019-04-03", "closed_at": "2019-04-03", "labels": ["Address:McDonalds 2525 S King Dr Chicago 60616", "Category:Bug", "DetectionPhase:Design", "Latitude:41.847198", "Longitude:-87.617190", "OriginationPhase:Requirements", "Priority:Medium", "Status:pendingReview"], "State": "closed", "Author": "WSP19SCM39H"}
{"issue_number": 135, "created_at": "2019-04-03", "closed_at": "2019-04-03", "labels": ["Address:McDonalds 2525 S King Dr Chicago 60616", "Category:Bug", "DetectionPhase:Design", "Latitude:41.847200", "Longitude:-87.617190", "OriginationPhase:Requirements", "Priority:Medium", "Status:pendingReview"], "State": "closed", "Author": "ZSP19SCM95D"}
{"issue_number": 132, "created_at": "2019-04-03", "closed_at": "2019-04-03", "labels": ["Address:1664 S Blue Island Ave Chicago IL 60608", "Category:Bug", "DetectionPhase:Design", "Latitude:41.858450", "Longitude:-87.660900", "OriginationPhase:Design", "Priority:High", "Status:inProgress"], "State": "closed", "Author": "JSP19SCM86L"}
{"issue_number": 131, "created_at": "2019-04-03", "closed_at": "2019-04-03", "labels": ["Address:2301 S Lake Shore Dr Chicago IL 60616", "Category:Bug", "DetectionPhase:Design", "Latitude:41.851200", "Longitude:-87.617767", "OriginationPhase:Requirements", "Priority:Medium", "Status:Approved"], "State": "closed", "Author": "PSP19SCM38K"}
{"issue_number": 130, "created_at": "2019-04-03", "closed_at": "2019-04-03", "labels": ["Address:2301 S Lake Shore Dr Chicago IL 60616", "Category:Bug", "DetectionPhase:Design", "Latitude:41.851200", "Longitude:-87.617767", "OriginationPhase:Requirements", "Priority:Medium", "Status:pendingReview"], "State": "closed", "Author": "MSP19SCM07P"}
{"issue_number": 127, "created_at": "2019-04-02", "closed_at": "2019-04-03", "labels": ["Address:119 N Wabash Ave Chicago IL 60602", "Category:Bug", "DetectionPhase:Design", "Latitude:41.885869", "Longitude:-87.630804", "OriginationPhase:Requirements", "Priority:High", "Status:pendingReview"], "State": "closed", "Author": "rdhande"}
{"issue_number": 126, "created_at": "2019-04-02", "closed_at": "2019-04-02", "labels": ["Address:McDonalds 2525 S King Dr Chicago 60616", "Category:Bug", "DetectionPhase:Design", "Latitude:41.847200", "Longitude:-87.617190", "OriginationPhase:Requirements", "Priority:High", "Status:inProgress"], "State": "closed", "Author": "MSP19SCM00A"}
{"issue_number": 122, "created_at": "2019-04-02", "closed_at": "2019-04-02", "labels": ["Address:McDonalds 2525 S King Dr Chicago 60616", "Category:Bug", "DetectionPhase:Design", "Latitude:41.847200", "Longitude:-87.617190", "OriginationPhase:Design", "Priority:High", "Status:Approved"], "State": "closed", "Author": "ASP19SCM71S"}
{"issue_number": 120, "created_at": "2019-04-02", "closed_at": "2019-04-02", "labels": ["Address:McDonalds 2525 S King Dr Chicago 60616", "Category:Bug", "DetectionPhase:Design", "Latitude:41.891521", "Longitude:-87.622223", "OriginationPhase:Requirements", "Priority:High", "Status:Approved"], "State": "closed", "Author": "YSP19SCM81M"}
{"issue_number": 115, "created_at": "2019-04-02", "closed_at": "2019-04-02", "labels": ["Address:McDonalds 2525 S King Dr Chicago 60616", "Category:Bug", "DetectionPhase:Design", "Latitude:41.847198", "Longitude:-87.633531", "OriginationPhase:Requirements", "Priority:High", "Status:Approved"], "State": "closed", "Author": "ASP19SCM57V"}
{"issue_number": 114, "created_at": "2019-04-02", "closed_at": "2019-04-02", "labels": ["Address:McDonalds 2525 S King Dr Chicago 60616", "Category:Bug", "DetectionPhase:Design", "Latitude:41.847198", "Longitude:-87.633531", "OriginationPhase:Requirements", "Priority:High", "Status:Approved"], "State": "closed", "Author": "PSP19SCM07S"}
{"issue_number": 113, "created_at": "2019-04-02", "closed_at": "2019-04-09", "labels": ["Category:Enhancement", "DetectionPhase:Design", "OriginationPhase:Coding", "Priority:High", "Status:inProgress"], "State": "closed", "Author": "RSP19SCM781"}
{"issue_number": 112, "created_at": "2019-04-02", "closed_at": "2019-04-08", "labels": ["Category:Bug", "DetectionPhase:Coding", "OriginationPhase:Coding", "Priority:Low", "Status:Rejected"], "State": "closed", "Author": "RSP19SCM781"}
{"issue_number": 111, "created_at": "2019-04-02", "closed_at": "2019-04-10", "labels": ["Category:Bug", "DetectionPhase:Design", "OriginationPhase:Field", "Priority:Low", "Status:pendingReview"], "State": "closed", "Author": "TSP19SCM781"}
{"issue_number": 110, "created_at": "2019-04-02", "closed_at": "2019-04-07", "labels": ["Category:Bug", "DetectionPhase:Design", "OriginationPhase:Requirements", "Priority:Medium", "Status:Approved"], "State": "closed", "Author": "TSP19SCM781"}
{"issue_number": 109, "created_at": "2019-04-02", "closed_at": "2019-04-05", "labels": ["Category:Inquiry", "DetectionPhase:Coding", "OriginationPhase:Documentation", "Priority:Major", "Status:inProgress"], "State": "closed", "Author": "SSP19SCM781"}
{"issue_number": 108, "created_at": "2019-04-02", "closed_at": "2019-04-08", "labels": ["Category:Bug", "DetectionPhase:Design", "OriginationPhase:Field", "Priority:Major", "Status:Rejected"], "State": "closed", "Author": "SSP19SCM781"}
{"issue_number": 107, "created_at": "2019-04-02", "closed_at": "2019-04-09", "labels": ["Category:Inquiry", "DetectionPhase:Coding", "OriginationPhase:Coding", "OriginationPhase:Testing", "Status:Approved"], "State": "closed", "Author": "DSP19SCM782"}
{"issue_number": 106, "created_at": "2019-04-02", "closed_at": "2019-04-08", "labels": ["Category:Inquiry", "DetectionPhase:Coding", "OriginationPhase:Documentation", "Priority:Medium", "Status:inProgress"], "State": "closed", "Author": "DSP19SCM782"}
{"issue_number": 105, "created_at": "2019-04-02", "closed_at": "2019-04-07", "labels": ["Category:Enhancement", "DetectionPhase:Design", "OriginationPhase:Design", "Priority:High", "Status:pendingReview"], "State": "closed", "Author": "DSP19SCM781"}
{"issue_number": 103, "created_at": "2019-04-02", "closed_at": "2019-04-10", "labels": ["Category:Enhancement", "DetectionPhase:Design", "OriginationPhase:Coding", "Priority:Low", "Status:Completed"], "State": "closed", "Author": "DSP19SCM781"}
{"issue_number": 101, "created_at": "2019-04-02", "closed_at": "2019-04-02", "labels": ["Address:McDonalds 2525 S King Dr Chicago 60616", "Category:Bug", "DetectionPhase:Design", "OriginationPhase:Requirements", "OritinationPhase:Design", "Priority:High", "Priority:Medium", "Status:Approved", "Status:inProgress", "Status:pendingReview"], "State": "closed", "Author": "PSP19SCM40J"}
{"issue_number": 100, "created_at": "2019-04-02", "closed_at": "2019-04-02", "labels": ["Address:600 N Clark St Chicago IL 60610", "Category:Bug", "DetectionPhase:Design", "Latitude:41.892502", "Longitude:-87.631279", "OriginationPhase:Requirements", "Priority:High", "Status:Approved"], "State": "closed", "Author": "HSP19SCM72L"}
{"issue_number": 99, "created_at": "2019-04-02", "closed_at": "2019-04-02", "labels": ["Address:3020 S Halsted St Chicago IL 60608", "Category:Bug", "DetectionPhase:Design", "Latitude:41.879519", "Longitude:-87.633531", "OriginationPhase:Requirements", "Priority:High", "Status:Approved"], "State": "closed", "Author": "VSP19SCM12C"}
{"issue_number": 98, "created_at": "2019-04-02", "closed_at": "2019-04-02", "labels": ["Address:3020 S Halsted St Chicago IL 60608", "Category:Bug", "DetectionPhase:Design", "Latitude:41.879519", "Longitude:-87.646896", "OriginationPhase:Requirements", "Priority:High", "Status:Approved"], "State": "closed", "Author": "JSP19SCM65Z"}
{"issue_number": 95, "created_at": "2019-04-02", "closed_at": "2019-04-02", "labels": ["Address:McDonalds 2525 S King Dr Chicago 60616", "Category:Bug", "DetectionPhase:Design", "Latitude:41.847200", "Longitude:-87.617190", "OriginationPhase:Design", "Priority:High", "Status:inProgress"], "State": "closed", "Author": "KSP19SCM90B"}
{"issue_number": 94, "created_at": "2019-04-02", "closed_at": "2019-04-02", "labels": ["Address:3020 S Halsted St Chicago IL 60608", "Category:Bug", "DetectionPhase:Design", "Latitude:41.879519", "Longitude:-87.646896", "OriginationPhase:Design", "Priority:High", "Status:inProgress"], "State": "closed", "Author": "SSP19SCM98G"}
{"issue_number": 92, "created_at": "2019-04-02", "closed_at": "2019-04-02", "labels": ["Address:3020 S Halsted St Chicago IL 60608", "Category:Bug", "DetectionPhase:Design", "Latitude:41.879519", "Longitude:-87.633531", "Priority:Medium", "Status:pendingReview"], "State": "closed", "Author": "XSP19SCM71C"}
{"issue_number": 87, "created_at": "2019-04-02", "closed_at": "2019-04-02", "labels": ["Address:McDonalds 2525 S King Dr Chicago 60616", "Category:Bug", "DetectionPhase:Design", "Latitude:41.847200", "Longitude:-87.617190", "OriginationPhase:Design", "Priority:High", "Status:inProgress"], "State": "closed", "Author": "SSP19SCM52K"}
{"issue_number": 82, "created_at": "2019-04-02", "closed_at": "2019-04-02", "labels": ["Address:McDonalds 2525 S King Dr Chicago 60616", "Category:Bug", "DetectionPhase:Design", "Latitude:41.847200", "Longitude:-87.617190", "OriginationPhase:Design", "Priority:Medium", "Status:inProgress"], "State": "closed", "Author": "NSP19SCM30A"}
{"issue_number": 81, "created_at": "2019-04-02", "closed_at": "2019-04-02", "labels": ["Address:McDonalds 2525 S King Dr Chicago 60616", "Category:Bug", "DetectionPhase:Design", "Latitude:41.847200", "Longitude:-87.617190", "OriginationPhase:Design", "Priority:Medium", "Status:inProgress"], "State": "closed", "Author": "fashokkumar"}
{"issue_number": 79, "created_at": "2019-04-02", "closed_at": "2019-04-02", "labels": [], "State": "closed", "Author": "SSP19SCM52K"}
{"issue_number": 77, "created_at": "2019-04-02", "closed_at": "2019-04-02", "labels": [], "State": "closed", "Author": "fashokkumar"}
{"issue_number": 76, "created_at": "2019-04-02", "closed_at": "2019-04-02", "labels": [], "State": "closed", "Author": "SSP19SCM52K"}
{"issue_number": 75, "created_at": "2019-04-02", "closed_at": "2019-04-02", "labels": [], "State": "closed", "Author": "NSP19SCM30A"}
{"issue_number": 74, "created_at": "2019-04-02", "closed_at": "2019-04-02", "labels": ["Address:1200 S Milwaukee Ave Prospect Heights IL", "Category:Bug", "DetectionPhase:Design", "Latitude:42.109120", "Longitude:-87.890880", "Priority:Medium", "Status:Approved"], "State": "closed", "Author": "VSP19SCM70K"}
{"issue_number": 73, "created_at": "2019-04-02", "closed_at": "2019-04-02", "labels": ["Address:119 N Wabash Ave Chicago IL 60602", "Category:Bug", "DetectionPhase:Design", "Latitude:41.883678", "Longitude:-87.625832", "OriginationPhase:Requirements", "Priority:Medium", "Status:Approved"], "State": "closed", "Author": "ASP19SCM23W"}
{"issue_number": 71, "created_at": "2019-04-02", "closed_at": "2019-04-02", "labels": ["Address:McDonalds 2525 S King Dr Chicago 60616", "Category:Bug", "DetectionPhase:Design", "Latitude:41.847198", "Longitude:-87.633531", "OriginationPhase:Requirements", "Priority:Medium", "Status:pendingReview"], "State": "closed", "Author": "MSP19SCM18H"}
{"issue_number": 70, "created_at": "2019-04-02", "closed_at": "2019-04-02", "labels": ["Address:105 N Union St Byron IL  61010", "Category:Bug", "DetectionPhase:Design", "Latitude:42.125900", "Longitude:-89.255610", "OriginationPhase:Requirements", "Priority:Medium", "Status:Approved"], "State": "closed", "Author": "JSP19SCM42J"}
{"issue_number": 69, "created_at": "2019-04-02", "closed_at": "2019-04-02", "labels": ["Address:McDonalds 2525 S King Dr Chicago 60616", "Category:Bug", "DetectionPhase:Design", "Latitude:41.847198", "Longitude:-87.633531", "OriginationPhase:Requirements", "Priority:High", "Status:pendingReview"], "State": "closed", "Author": "JSP19SCM13R"}
{"issue_number": 67, "created_at": "2019-04-01", "closed_at": "2019-04-07", "labels": ["Category:Inquiry", "DetectionPhase:Design", "OriginationPhase:Requirements", "Priority:Major", "Status:inProgress"], "State": "closed", "Author": "RSP19SCM782"}
{"issue_number": 66, "created_at": "2019-04-01", "closed_at": "2019-04-08", "labels": ["Category:Bug", "DetectionPhase:Coding", "OriginationPhase:Field", "Priority:Medium", "Status:Approved"], "State": "closed", "Author": "RSP19SCM782"}
{"issue_number": 65, "created_at": "2019-04-01", "closed_at": "2019-04-01", "labels": ["Address:3020 S Halsted St Chicago IL 60608", "Category:Bug", "DetectionPhase:Design", "Latitude:41.879519", "Longitude:-87.646896", "OriginationPhase:Requirements", "Priority:Medium", "Status:inProgress"], "State": "closed", "Author": "JSP19SCM59D"}
{"issue_number": 64, "created_at": "2019-04-01", "closed_at": "2019-04-08", "labels": ["Category:Enhancement", "DetectionPhase:Coding", "OriginationPhase:Documentation", "Priority:Medium", "Status:inProgress"], "State": "closed", "Author": "RSP19SCM781"}
{"issue_number": 63, "created_at": "2019-04-01", "closed_at": "2019-04-02", "labels": ["Category:Bug", "DetectionPhase:Coding", "OriginationPhase:Testing", "Priority:Major", "Status:Approved"], "State": "closed", "Author": "RSP19SCM781"}
{"issue_number": 62, "created_at": "2019-04-01", "closed_at": "2019-04-08", "labels": ["Category:Inquiry", "DetectionPhase:Coding", "OritinationPhase:Design", "Priority:Low", "Status:Completed"], "State": "closed", "Author": "TSP19SCM782"}
{"issue_number": 61, "created_at": "2019-04-01", "closed_at": "2019-04-02", "labels": ["Category:Enhancement", "DetectionPhase:Coding", "OriginationPhase:Requirements", "Priority:High", "Status:Rejected"], "State": "closed", "Author": "TSP19SCM782"}
{"issue_number": 60, "created_at": "2019-04-01", "closed_at": "2019-04-07", "labels": ["Category:Bug", "DetectionPhase:Design", "OriginationPhase:Testing", "Priority:Medium", "Status:Rejected"], "State": "closed", "Author": "SPM587SP19"}
{"issue_number": 59, "created_at": "2019-04-01", "closed_at": "2019-04-02", "labels": ["Category:Inquiry", "DetectionPhase:Coding", "OriginationPhase:Field", "Priority:Major", "Status:pendingReview"], "State": "closed", "Author": "TSP19SCM781"}
{"issue_number": 58, "created_at": "2019-04-01", "closed_at": "2019-04-03", "labels": ["Category:Inquiry", "DetectionPhase:Design", "OriginationPhase:Requirements", "Priority:Low", "Status:inProgress"], "State": "closed", "Author": "SPM587SP19"}
{"issue_number": 57, "created_at": "2019-04-01", "closed_at": "2019-04-02", "labels": ["Category:Bug", "DetectionPhase:Coding", "OriginationPhase:Coding", "Priority:Low", "Status:Approved"], "State": "closed", "Author": "SPM587SP19"}
{"issue_number": 56, "created_at": "2019-04-01", "closed_at": "2019-04-01", "labels": [], "State": "closed", "Author": "ASP19SCM00V"}
{"issue_number": 55, "created_at": "2019-03-31", "closed_at": "2019-04-01", "labels": ["Category:Inquiry", "DetectionPhase:Design", "OriginationPhase:Coding", "Priority:Low", "Status:inProgress"], "State": "closed", "Author": "TSP19SCM781"}
{"issue_number": 54, "created_at": "2019-03-31", "closed_at": "2019-04-01", "labels": ["Category:Enhancement", "DetectionPhase:Design", "OriginationPhase:Field", "Priority:Medium", "Status:pendingReview"], "State": "closed", "Author": "SPM587SP19"}
{"issue_number": 53, "created_at": "2019-03-31", "closed_at": "2019-04-03", "labels": ["Category:Inquiry", "DetectionPhase:Coding", "OritinationPhase:Design", "Priority:High", "Status:pendingReview"], "State": "closed", "Author": "SPM587SP19"}
{"issue_number": 52, "created_at": "2019-03-31", "closed_at": "2019-04-01", "labels": ["Category:Bug", "DetectionPhase:Design", "OriginationPhase:Requirements", "Priority:Major", "Status:Completed"], "State": "closed", "Author": "SPM587SP19"}
{"issue_number": 51, "created_at": "2019-03-31", "closed_at": "2019-04-01", "labels": ["Category:Bug", "DetectionPhase:Design", "OriginationPhase:Requirements", "Priority:Medium", "Status:Completed"], "State": "closed", "Author": "SPM587SP19"}
{"issue_number": 50, "created_at": "2019-03-31", "closed_at": "2019-04-02", "labels": ["Category:Enhancement", "DetectionPhase:Coding", "OriginationPhase:Field", "Priority:High", "Status:Approved"], "State": "closed", "Author": "SPM587SP19"}
{"issue_number": 49, "created_at": "2019-03-31", "closed_at": "2019-04-01", "labels": ["Category:Bug", "DetectionPhase:Design", "OriginationPhase:Testing", "Priority:Low", "Status:inProgress"], "State": "closed", "Author": "SPM587SP19"}
{"issue_number": 48, "created_at": "2019-03-31", "closed_at": "2019-04-01", "labels": ["Category:Bug", "DetectionPhase:Coding", "OriginationPhase:Coding", "Priority:Low", "Status:inProgress"], "State": "closed", "Author": "SPM587SP19"}
{"issue_number": 47, "created_at": "2019-03-31", "closed_at": "2019-04-05", "labels": ["Category:Inquiry", "DetectionPhase:Design", "OriginationPhase:Testing", "Priority:Medium", "Status:Rejected"], "State": "closed", "Author": "SPM587SP19"}
{"issue_number": 46, "created_at": "2019-03-31", "closed_at": "2019-04-03", "labels": ["Category:Enhancement", "DetectionPhase:Coding", "OriginationPhase:Requirements", "Priority:Major", "Status:Rejected"], "State": "closed", "Author": "SPM587SP19"}
{"issue_number": 45, "created_at": "2019-03-31", "closed_at": "2019-04-01", "labels": ["Category:Inquiry", "DetectionPhase:Coding", "OritinationPhase:Design", "Priority:Major", "Status:Completed"], "State": "closed", "Author": "SPM587SP19"}
{"issue_number": 44, "created_at": "2019-03-31", "closed_at": "2019-04-01", "labels": ["Category:Bug", "DetectionPhase:Coding", "OriginationPhase:Testing", "Priority:Major", "Status:inProgress"], "State": "closed", "Author": "SPM587SP19"}
{"issue_number": 43, "created_at": "2019-03-31", "closed_at": "2019-04-01", "labels": ["Category:Bug", "DetectionPhase:Field", "OriginationPhase:Documentation", "Priority:High", "Status:Approved"], "State": "closed", "Author": "SPM587SP19"}
{"issue_number": 42, "created_at": "2019-03-31", "closed_at": "2019-04-01", "labels": ["Category:Enhancement", "DetectionPhase:Coding", "OriginationPhase:Testing", "Priority:Medium", "Status:Completed"], "State": "closed", "Author": "SPM587SP19"}
{"issue_number": 41, "created_at": "2019-03-31", "closed_at": "2019-04-07", "labels": ["Category:Bug", "DetectionPhase:Coding", "OriginationPhase:Documentation", "Priority:Major", "Status:pendingReview"], "State": "closed", "Author": "SPM587SP19"}
{"issue_number": 40, "created_at": "2019-03-31", "closed_at": "2019-04-03", "labels": ["Category:Inquiry", "DetectionPhase:Design", "OriginationPhase:Field", "Priority:Low", "Status:Completed"], "State": "closed", "Author": "SPM587SP19"}
{"issue_number": 39, "created_at": "2019-03-31", "closed_at": "2019-04-03", "labels": ["Category:Inquiry", "DetectionPhase:Design", "OriginationPhase:Documentation", "Priority:High", "Status:Rejected"], "State": "closed", "Author": "SPM587SP19"}
{"issue_number": 38, "created_at": "2019-03-31", "closed_at": "2019-04-03", "labels": ["Category:Enhancement", "DetectionPhase:Design", "OritinationPhase:Design", "Priority:High", "Status:inProgress"], "State": "closed", "Author": "SPM587SP19"}
{"issue_number": 37, "created_at": "2019-03-31", "closed_at": "2019-04-03", "labels": ["Category:Inquiry", "DetectionPhase:Design", "OriginationPhase:Documentation", "Priority:Low", "Status:inProgress"], "State": "closed", "Author": "SPM587SP19"}
{"issue_number": 36, "created_at": "2019-03-31", "closed_at": "2019-04-02", "labels": ["Category:Bug", "DetectionPhase:Coding", "OriginationPhase:Coding", "Priority:Major", "Status:Rejected"], "State": "closed", "Author": "SPM587SP19"}
{"issue_number": 35, "created_at": "2019-03-31", "closed_at": "2019-04-03", "labels": ["Category:Enhancement", "DetectionPhase:Design", "OriginationPhase:Requirements", "Priority:Medium", "Status:pendingReview"], "State": "closed", "Author": "SPM587SP19"}
{"issue_number": 34, "created_at": "2019-03-31", "closed_at": "2019-04-02", "labels": ["Category:Enhancement", "DetectionPhase:Coding", "OritinationPhase:Design", "Priority:Low", "Status:Approved"], "State": "closed", "Author": "SPM587SP19"}
{"issue_number": 33, "created_at": "2019-03-31", "closed_at": "2019-04-05", "labels": ["Category:Bug", "DetectionPhase:Coding", "OriginationPhase:Requirements", "Priority:Major", "Status:Rejected"], "State": "closed", "Author": "SPM587SP19"}
{"issue_number": 32, "created_at": "2019-03-31", "closed_at": "2019-04-02", "labels": ["Category:Inquiry", "DetectionPhase:Field", "OriginationPhase:Coding", "Priority:Medium", "Status:Rejected"], "State": "closed", "Author": "SPM587SP19"}
{"issue_number": 31, "created_at": "2019-03-31", "closed_at": "2019-04-03", "labels": ["Category:Bug", "DetectionPhase:Design", "OriginationPhase:Requirements", "Priority:Major", "Status:pendingReview"], "State": "closed", "Author": "SPM587SP19"}
{"issue_number": 30, "created_at": "2019-03-31", "closed_at": "2019-04-02", "labels": ["Category:Inquiry", "DetectionPhase:Coding", "OritinationPhase:Design", "Priority:High", "Status:inProgress"], "State": "closed", "Author": "SPM587SP19"}
{"issue_number": 29, "created_at": "2019-03-31", "closed_at": "2019-04-07", "labels": ["Category:Bug", "DetectionPhase:Design", "OriginationPhase:Documentation", "Priority:Medium", "Status:Completed"], "State": "closed", "Author": "SPM587SP19"}
{"issue_number": 28, "created_at": "2019-03-31", "closed_at": "2019-04-02", "labels": ["Category:Enhancement", "DetectionPhase:Design", "OriginationPhase:Requirements", "Priority:Major", "Status:pendingReview"], "State": "closed", "Author": "SPM587SP19"}
{"issue_number": 27, "created_at": "2019-03-31", "closed_at": "2019-04-03", "labels": ["Category:Inquiry", "DetectionPhase:Design", "OritinationPhase:Design", "Priority:Medium", "Status:Rejected"], "State": "closed", "Author": "SPM587SP19"}
{"issue_number": 26, "created_at": "2019-03-31", "closed_at": "2019-03-31", "labels": ["Category:Enhancement", "DetectionPhase:Coding", "OriginationPhase:Coding", "Priority:Major", "Status:Approved"], "State": "closed", "Author": "SPM587SP19"}
{"issue_number": 25, "created_at": "2019-03-31", "closed_at": "2019-03-31", "labels": ["Category:Inquiry", "DetectionPhase:Design", "OriginationPhase:Coding", "Priority:Low", "Status:Completed"], "State": "closed", "Author": "SPM587SP19"}
{"issue_number": 24, "created_at": "2019-03-31", "closed_at": "2019-03-31", "labels": ["Category:Enhancement", "DetectionPhase:Coding", "OriginationPhase:Documentation", "Priority:Low", "Status:inProgress"], "State": "closed", "Author": "SPM587SP19"}
{"issue_number": 23, "created_at": "2019-03-31", "closed_at": "2019-03-31", "labels": ["Category:Bug", "DetectionPhase:Design", "OriginationPhase:Field", "Priority:High", "Status:Rejected"], "State": "closed", "Author": "SPM587SP19"}
{"issue_number": 22, "created_at": "2019-03-31", "closed_at": "2019-03-31", "labels": ["Category:Inquiry", "DetectionPhase:Coding", "OriginationPhase:Requirements", "Priority:Major", "Status:pendingReview"], "State": "closed", "Author": "SPM587SP19"}
{"issue_number": 21, "created_at": "2019-03-31", "closed_at": "2019-03-31", "labels": ["Category:Bug", "DetectionPhase:Design", "OriginationPhase:Testing", "Priority:Low", "Status:Completed"], "State": "closed", "Author": "SPM587SP19"}
{"issue_number": 20, "created_at": "2019-03-31", "closed_at": "2019-03-31", "labels": ["Category:Bug", "DetectionPhase:Coding", "OritinationPhase:Design", "Priority:Major", "Status:inProgress"], "State": "closed", "Author": "SPM587SP19"}
{"issue_number": 19, "created_at": "2019-03-31", "closed_at": "2019-03-31", "labels": ["Category:Enhancement", "DetectionPhase:Design", "OritinationPhase:Design", "Priority:Low", "Status:Approved"], "State": "closed", "Author": "SPM587SP19"}
{"issue_number": 18, "created_at": "2019-03-31", "closed_at": "2019-03-31", "labels": ["Category:Inquiry", "DetectionPhase:Coding", "OriginationPhase:Testing", "Priority:Medium", "Status:Rejected"], "State": "closed", "Author": "SPM587SP19"}
{"issue_number": 17, "created_at": "2019-03-31", "closed_at": "2019-03-31", "labels": ["Category:Bug", "DetectionPhase:Field", "OriginationPhase:Requirements", "Priority:Medium", "Status:pendingReview"], "State": "closed", "Author": "SPM587SP19"}
{"issue_number": 16, "created_at": "2019-03-31", "closed_at": "2019-03-31", "labels": ["Category:Inquiry", "DetectionPhase:Design", "OriginationPhase:Field", "Priority:Major", "Status:Completed"], "State": "closed", "Author": "SPM587SP19"}
{"issue_number": 15, "created_at": "2019-03-31", "closed_at": "2019-03-31", "labels": ["Category:Enhancement", "DetectionPhase:Coding", "OriginationPhase:Documentation", "Priority:Low", "Status:inProgress"], "State": "closed", "Author": "SPM587SP19"}
{"issue_number": 14, "created_at": "2019-03-31", "closed_at": "2019-03-31", "labels": ["Category:Inquiry", "DetectionPhase:Design", "OriginationPhase:Coding", "Priority:High", "Status:Approved"], "State": "closed", "Author": "SPM587SP19"}
{"issue_number": 13, "created_at": "2019-03-30", "closed_at": "2019-03-31", "labels": ["Category:Enhancement", "DetectionPhase:Design", "OritinationPhase:Design", "Priority:Major", "Status:inProgress"], "State": "closed", "Author": "SPM587SP19"}
{"issue_number": 12, "created_at": "2019-03-30", "closed_at": "2019-03-31", "labels": ["Category:Enhancement", "DetectionPhase:Coding", "OriginationPhase:Testing", "Priority:Low", "Status:Rejected"], "State": "closed", "Author": "SPM587SP19"}
{"issue_number": 11, "created_at": "2019-03-30", "closed_at": "2019-03-31", "labels": ["Category:Enhancement", "DetectionPhase:Design", "OriginationPhase:Requirements", "Priority:High", "Status:inProgress"], "State": "closed", "Author": "SPM587SP19"}
{"issue_number": 10, "created_at": "2019-03-30", "closed_at": "2019-03-31", "labels": ["Category:Bug", "DetectionPhase:Coding", "OriginationPhase:Field", "Priority:Major", "Status:Completed"], "State": "closed", "Author": "SPM587SP19"}
{"issue_number": 9, "created_at": "2019-03-30", "closed_at": "2019-03-31", "labels": ["Category:Enhancement", "DetectionPhase:Design", "OriginationPhase:Documentation", "Priority:Major", "Status:Rejected"], "State": "closed", "Author": "SPM587SP19"}
{"issue_number": 8, "created_at": "2019-03-30", "closed_at": "2019-03-31", "labels": ["Category:Bug", "DetectionPhase:Coding", "OriginationPhase:Coding", "Priority:High", "Status:inProgress"], "State": "closed", "Author": "SPM587SP19"}
{"issue_number": 7, "created_at": "2019-03-30", "closed_at": "2019-03-31", "labels": ["Category:Inquiry", "DetectionPhase:Design", "OriginationPhase:Coding", "Priority:Low", "Status:Approved"], "State": "closed", "Author": "SPM587SP19"}
{"issue_number": 6, "created_at": "2019-03-30", "closed_at": "2019-03-31", "labels": ["Category:Inquiry", "DetectionPhase:Field", "OriginationPhase:Coding", "Priority:Low", "Status:Approved"], "State": "closed", "Author": "SPM587SP19"}
{"issue_number": 5, "created_at": "2019-03-30", "closed_at": "2019-03-31", "labels": ["Category:Inquiry", "DetectionPhase:Field", "OriginationPhase:Coding", "Priority:Low", "Status:pendingReview"], "State": "closed", "Author": "SPM587SP19"}
{"issue_number": 4, "created_at": "2019-03-29", "closed_at": "2019-03-31", "labels": ["Category:Inquiry", "DetectionPhase:Field", "OriginationPhase:Coding", "Priority:Medium", "Status:pendingReview"], "State": "closed", "Author": "SPM587SP19"}
{"issue_number": 3, "created_at": "2019-03-29", "closed_at": "2019-03-31", "labels": ["Category:Inquiry", "DetectionPhase:Field", "OriginationPhase:Coding", "Priority:Medium", "Status:pendingReview"], "State": "closed", "Author": "SPM587SP19"}
{"issue_number": 1, "created_at": "2019-03-24", "closed_at": "2019-03-31", "labels": ["Category:Inquiry", "DetectionPhase:Field", "OriginationPhase:Coding", "Priority:Medium", "Status:pendingReview"], "State": "closed", "Author": "SPM587SP19"}
